{
  "type": "FeatureCollection",
  "name": "Niue village boundaries",
  "license": "CC BY-SA 2.0 for derived geometry; census data attributed to Statistics Niue",
  "source": "https://upload.wikimedia.org/wikipedia/commons/a/a4/Niue_location_map.svg",
  "features": [
    {
      "type": "Feature",
      "properties": {
        "name": "Alofi North",
        "census_night_population_2022": 187,
        "source_geometry": "https://upload.wikimedia.org/wikipedia/commons/a/a4/Niue_location_map.svg",
        "source_population": "https://niuestatistics.nu/census/population-housing/",
        "processing": "Village boundaries converted from a CC BY-SA location-map SVG to WGS84 using the map's published geographic limits."
      },
      "geometry": {
        "type": "MultiPolygon",
        "coordinates": [
          [
            [
              [
                -169.920278,
                -19.023127
              ],
              [
                -169.914586,
                -19.023514
              ],
              [
                -169.905497,
                -19.027233
              ],
              [
                -169.898736,
                -19.02997
              ],
              [
                -169.884741,
                -19.039521
              ],
              [
                -169.87779,
                -19.039135
              ],
              [
                -169.86433,
                -19.029792
              ],
              [
                -169.857506,
                -19.026638
              ],
              [
                -169.847505,
                -19.029286
              ],
              [
                -169.847127,
                -19.022918
              ],
              [
                -169.839862,
                -19.027858
              ],
              [
                -169.833321,
                -19.026459
              ],
              [
                -169.832975,
                -19.028512
              ],
              [
                -169.850807,
                -19.047168
              ],
              [
                -169.857002,
                -19.061004
              ],
              [
                -169.855461,
                -19.065229
              ],
              [
                -169.856939,
                -19.067133
              ],
              [
                -169.861122,
                -19.070644
              ],
              [
                -169.86282,
                -19.072995
              ],
              [
                -169.906315,
                -19.055172
              ],
              [
                -169.910906,
                -19.055648
              ],
              [
                -169.911567,
                -19.05541
              ],
              [
                -169.912353,
                -19.054845
              ],
              [
                -169.915026,
                -19.053387
              ],
              [
                -169.917008,
                -19.053506
              ],
              [
                -169.919052,
                -19.052702
              ],
              [
                -169.918957,
                -19.052345
              ],
              [
                -169.918894,
                -19.052256
              ],
              [
                -169.918957,
                -19.052197
              ],
              [
                -169.91902,
                -19.052137
              ],
              [
                -169.91902,
                -19.052018
              ],
              [
                -169.919052,
                -19.051869
              ],
              [
                -169.919052,
                -19.05175
              ],
              [
                -169.91902,
                -19.051721
              ],
              [
                -169.918989,
                -19.05175
              ],
              [
                -169.918769,
                -19.05178
              ],
              [
                -169.918674,
                -19.051721
              ],
              [
                -169.918611,
                -19.051721
              ],
              [
                -169.918549,
                -19.05178
              ],
              [
                -169.918486,
                -19.051721
              ],
              [
                -169.918517,
                -19.051602
              ],
              [
                -169.918549,
                -19.051423
              ],
              [
                -169.918517,
                -19.051274
              ],
              [
                -169.918517,
                -19.051155
              ],
              [
                -169.918486,
                -19.051096
              ],
              [
                -169.918454,
                -19.051006
              ],
              [
                -169.918454,
                -19.050917
              ],
              [
                -169.91836,
                -19.050887
              ],
              [
                -169.918297,
                -19.050828
              ],
              [
                -169.918234,
                -19.050739
              ],
              [
                -169.918171,
                -19.050649
              ],
              [
                -169.91814,
                -19.05062
              ],
              [
                -169.918171,
                -19.05053
              ],
              [
                -169.918266,
                -19.050501
              ],
              [
                -169.918297,
                -19.050441
              ],
              [
                -169.918297,
                -19.050322
              ],
              [
                -169.918297,
                -19.050233
              ],
              [
                -169.918266,
                -19.050144
              ],
              [
                -169.918203,
                -19.050114
              ],
              [
                -169.91814,
                -19.050114
              ],
              [
                -169.91814,
                -19.050025
              ],
              [
                -169.918108,
                -19.049935
              ],
              [
                -169.91814,
                -19.049876
              ],
              [
                -169.91814,
                -19.049697
              ],
              [
                -169.918171,
                -19.049608
              ],
              [
                -169.91814,
                -19.049578
              ],
              [
                -169.918045,
                -19.049549
              ],
              [
                -169.918077,
                -19.049489
              ],
              [
                -169.918014,
                -19.0494
              ],
              [
                -169.918014,
                -19.04934
              ],
              [
                -169.917982,
                -19.049251
              ],
              [
                -169.918014,
                -19.049162
              ],
              [
                -169.917982,
                -19.049102
              ],
              [
                -169.917888,
                -19.049072
              ],
              [
                -169.917825,
                -19.049043
              ],
              [
                -169.917731,
                -19.049072
              ],
              [
                -169.917668,
                -19.049102
              ],
              [
                -169.917668,
                -19.049043
              ],
              [
                -169.917637,
                -19.048894
              ],
              [
                -169.917668,
                -19.048745
              ],
              [
                -169.917668,
                -19.048656
              ],
              [
                -169.917574,
                -19.048656
              ],
              [
                -169.917542,
                -19.048686
              ],
              [
                -169.917448,
                -19.048775
              ],
              [
                -169.917385,
                -19.048745
              ],
              [
                -169.917416,
                -19.048656
              ],
              [
                -169.917542,
                -19.048537
              ],
              [
                -169.917637,
                -19.048477
              ],
              [
                -169.917699,
                -19.048448
              ],
              [
                -169.917668,
                -19.048388
              ],
              [
                -169.917605,
                -19.04821
              ],
              [
                -169.917605,
                -19.04815
              ],
              [
                -169.917574,
                -19.04812
              ],
              [
                -169.917542,
                -19.04812
              ],
              [
                -169.917511,
                -19.048091
              ],
              [
                -169.917605,
                -19.048061
              ],
              [
                -169.917637,
                -19.048031
              ],
              [
                -169.917605,
                -19.048031
              ],
              [
                -169.917574,
                -19.047972
              ],
              [
                -169.917542,
                -19.047882
              ],
              [
                -169.917416,
                -19.047823
              ],
              [
                -169.917291,
                -19.047793
              ],
              [
                -169.917322,
                -19.047704
              ],
              [
                -169.917291,
                -19.047495
              ],
              [
                -169.917165,
                -19.047406
              ],
              [
                -169.917039,
                -19.047287
              ],
              [
                -169.916976,
                -19.047138
              ],
              [
                -169.916693,
                -19.046811
              ],
              [
                -169.91663,
                -19.046692
              ],
              [
                -169.916599,
                -19.046603
              ],
              [
                -169.916567,
                -19.046484
              ],
              [
                -169.91641,
                -19.046395
              ],
              [
                -169.916473,
                -19.046335
              ],
              [
                -169.916599,
                -19.046216
              ],
              [
                -169.916662,
                -19.046127
              ],
              [
                -169.91685,
                -19.046008
              ],
              [
                -169.916976,
                -19.045978
              ],
              [
                -169.917102,
                -19.045889
              ],
              [
                -169.917039,
                -19.045829
              ],
              [
                -169.91685,
                -19.04574
              ],
              [
                -169.916599,
                -19.045651
              ],
              [
                -169.916441,
                -19.045502
              ],
              [
                -169.916379,
                -19.045294
              ],
              [
                -169.916316,
                -19.045234
              ],
              [
                -169.916253,
                -19.045026
              ],
              [
                -169.916096,
                -19.044847
              ],
              [
                -169.916033,
                -19.044639
              ],
              [
                -169.916001,
                -19.044461
              ],
              [
                -169.916064,
                -19.044371
              ],
              [
                -169.916096,
                -19.044282
              ],
              [
                -169.916158,
                -19.044133
              ],
              [
                -169.91619,
                -19.043925
              ],
              [
                -169.91619,
                -19.043895
              ],
              [
                -169.916253,
                -19.043806
              ],
              [
                -169.916221,
                -19.043746
              ],
              [
                -169.91619,
                -19.043687
              ],
              [
                -169.916158,
                -19.043657
              ],
              [
                -169.91619,
                -19.043598
              ],
              [
                -169.91619,
                -19.043508
              ],
              [
                -169.916127,
                -19.043419
              ],
              [
                -169.916127,
                -19.043181
              ],
              [
                -169.916158,
                -19.042973
              ],
              [
                -169.916127,
                -19.042794
              ],
              [
                -169.916127,
                -19.042616
              ],
              [
                -169.916096,
                -19.042497
              ],
              [
                -169.916033,
                -19.042408
              ],
              [
                -169.916033,
                -19.042348
              ],
              [
                -169.916096,
                -19.042229
              ],
              [
                -169.916127,
                -19.042199
              ],
              [
                -169.916158,
                -19.042021
              ],
              [
                -169.916158,
                -19.041902
              ],
              [
                -169.916158,
                -19.041842
              ],
              [
                -169.916096,
                -19.041723
              ],
              [
                -169.916096,
                -19.041545
              ],
              [
                -169.916127,
                -19.041485
              ],
              [
                -169.916158,
                -19.041455
              ],
              [
                -169.916127,
                -19.041426
              ],
              [
                -169.916096,
                -19.041366
              ],
              [
                -169.916096,
                -19.041307
              ],
              [
                -169.916096,
                -19.041188
              ],
              [
                -169.91619,
                -19.041098
              ],
              [
                -169.916158,
                -19.041039
              ],
              [
                -169.916127,
                -19.04089
              ],
              [
                -169.916127,
                -19.040771
              ],
              [
                -169.916158,
                -19.040712
              ],
              [
                -169.916253,
                -19.040592
              ],
              [
                -169.916253,
                -19.040444
              ],
              [
                -169.916221,
                -19.040354
              ],
              [
                -169.916096,
                -19.040235
              ],
              [
                -169.915907,
                -19.040116
              ],
              [
                -169.915781,
                -19.039997
              ],
              [
                -169.91575,
                -19.039849
              ],
              [
                -169.915875,
                -19.039819
              ],
              [
                -169.91597,
                -19.039759
              ],
              [
                -169.916127,
                -19.0397
              ],
              [
                -169.916221,
                -19.03967
              ],
              [
                -169.916221,
                -19.03964
              ],
              [
                -169.91619,
                -19.039581
              ],
              [
                -169.91619,
                -19.039521
              ],
              [
                -169.916253,
                -19.039492
              ],
              [
                -169.916253,
                -19.039432
              ],
              [
                -169.91619,
                -19.039373
              ],
              [
                -169.916158,
                -19.039343
              ],
              [
                -169.916064,
                -19.039343
              ],
              [
                -169.916064,
                -19.039343
              ],
              [
                -169.916001,
                -19.039254
              ],
              [
                -169.916001,
                -19.039194
              ],
              [
                -169.916033,
                -19.039105
              ],
              [
                -169.916127,
                -19.039045
              ],
              [
                -169.91619,
                -19.038807
              ],
              [
                -169.916158,
                -19.038539
              ],
              [
                -169.916096,
                -19.038212
              ],
              [
                -169.916001,
                -19.038034
              ],
              [
                -169.916064,
                -19.037974
              ],
              [
                -169.916158,
                -19.037796
              ],
              [
                -169.916284,
                -19.037736
              ],
              [
                -169.916379,
                -19.037647
              ],
              [
                -169.916441,
                -19.037528
              ],
              [
                -169.916473,
                -19.037349
              ],
              [
                -169.916316,
                -19.037171
              ],
              [
                -169.91619,
                -19.037141
              ],
              [
                -169.91619,
                -19.037022
              ],
              [
                -169.916221,
                -19.036933
              ],
              [
                -169.916379,
                -19.036843
              ],
              [
                -169.91641,
                -19.036695
              ],
              [
                -169.916473,
                -19.036665
              ],
              [
                -169.916504,
                -19.036605
              ],
              [
                -169.916441,
                -19.036576
              ],
              [
                -169.916441,
                -19.036516
              ],
              [
                -169.916504,
                -19.036516
              ],
              [
                -169.916504,
                -19.036486
              ],
              [
                -169.916473,
                -19.036457
              ],
              [
                -169.91641,
                -19.036457
              ],
              [
                -169.916316,
                -19.036427
              ],
              [
                -169.916316,
                -19.036308
              ],
              [
                -169.916347,
                -19.03601
              ],
              [
                -169.916379,
                -19.035802
              ],
              [
                -169.91641,
                -19.035594
              ],
              [
                -169.916441,
                -19.035505
              ],
              [
                -169.916441,
                -19.035356
              ],
              [
                -169.91641,
                -19.035177
              ],
              [
                -169.916441,
                -19.034969
              ],
              [
                -169.916504,
                -19.034701
              ],
              [
                -169.916693,
                -19.034404
              ],
              [
                -169.916819,
                -19.034255
              ],
              [
                -169.916913,
                -19.034076
              ],
              [
                -169.916945,
                -19.033898
              ],
              [
                -169.916913,
                -19.033749
              ],
              [
                -169.916882,
                -19.03369
              ],
              [
                -169.916756,
                -19.03366
              ],
              [
                -169.916756,
                -19.0336
              ],
              [
                -169.916724,
                -19.033511
              ],
              [
                -169.916756,
                -19.033422
              ],
              [
                -169.916819,
                -19.033303
              ],
              [
                -169.917039,
                -19.033065
              ],
              [
                -169.917165,
                -19.032886
              ],
              [
                -169.917259,
                -19.032648
              ],
              [
                -169.917385,
                -19.032351
              ],
              [
                -169.917385,
                -19.032202
              ],
              [
                -169.917353,
                -19.031994
              ],
              [
                -169.917322,
                -19.031875
              ],
              [
                -169.917385,
                -19.031785
              ],
              [
                -169.917479,
                -19.031696
              ],
              [
                -169.917605,
                -19.031547
              ],
              [
                -169.917731,
                -19.031398
              ],
              [
                -169.917731,
                -19.031279
              ],
              [
                -169.917762,
                -19.031131
              ],
              [
                -169.917731,
                -19.031071
              ],
              [
                -169.917699,
                -19.030982
              ],
              [
                -169.917825,
                -19.030744
              ],
              [
                -169.917888,
                -19.030565
              ],
              [
                -169.917888,
                -19.030327
              ],
              [
                -169.917951,
                -19.030119
              ],
              [
                -169.917982,
                -19.029911
              ],
              [
                -169.917982,
                -19.029762
              ],
              [
                -169.918077,
                -19.029673
              ],
              [
                -169.91814,
                -19.029583
              ],
              [
                -169.918108,
                -19.029524
              ],
              [
                -169.91814,
                -19.029375
              ],
              [
                -169.918203,
                -19.029256
              ],
              [
                -169.918328,
                -19.029107
              ],
              [
                -169.91836,
                -19.029018
              ],
              [
                -169.918391,
                -19.028899
              ],
              [
                -169.918454,
                -19.02875
              ],
              [
                -169.918454,
                -19.028512
              ],
              [
                -169.918549,
                -19.028334
              ],
              [
                -169.918517,
                -19.028185
              ],
              [
                -169.918549,
                -19.028036
              ],
              [
                -169.918549,
                -19.027947
              ],
              [
                -169.918737,
                -19.027471
              ],
              [
                -169.918863,
                -19.027292
              ],
              [
                -169.918894,
                -19.027054
              ],
              [
                -169.918989,
                -19.026935
              ],
              [
                -169.919083,
                -19.026608
              ],
              [
                -169.919146,
                -19.026429
              ],
              [
                -169.919146,
                -19.026281
              ],
              [
                -169.919178,
                -19.026043
              ],
              [
                -169.91924,
                -19.025805
              ],
              [
                -169.919303,
                -19.025626
              ],
              [
                -169.919303,
                -19.025477
              ],
              [
                -169.919335,
                -19.025448
              ],
              [
                -169.919398,
                -19.025299
              ],
              [
                -169.919366,
                -19.02512
              ],
              [
                -169.919398,
                -19.025091
              ],
              [
                -169.919492,
                -19.024912
              ],
              [
                -169.919555,
                -19.024823
              ],
              [
                -169.919586,
                -19.024644
              ],
              [
                -169.919681,
                -19.024585
              ],
              [
                -169.919712,
                -19.024317
              ],
              [
                -169.919586,
                -19.024257
              ],
              [
                -169.919523,
                -19.024168
              ],
              [
                -169.919555,
                -19.024079
              ],
              [
                -169.919775,
                -19.024049
              ],
              [
                -169.919901,
                -19.0239
              ],
              [
                -169.919964,
                -19.023752
              ],
              [
                -169.919995,
                -19.023603
              ],
              [
                -169.92009,
                -19.023454
              ],
              [
                -169.920152,
                -19.023186
              ],
              [
                -169.920278,
                -19.023127
              ]
            ]
          ]
        ]
      }
    },
    {
      "type": "Feature",
      "properties": {
        "name": "Alofi South",
        "census_night_population_2022": 423,
        "source_geometry": "https://upload.wikimedia.org/wikipedia/commons/a/a4/Niue_location_map.svg",
        "source_population": "https://niuestatistics.nu/census/population-housing/",
        "processing": "Village boundaries converted from a CC BY-SA location-map SVG to WGS84 using the map's published geographic limits."
      },
      "geometry": {
        "type": "MultiPolygon",
        "coordinates": [
          [
            [
              [
                -169.919052,
                -19.052702
              ],
              [
                -169.917008,
                -19.053506
              ],
              [
                -169.915026,
                -19.053387
              ],
              [
                -169.912353,
                -19.054845
              ],
              [
                -169.911567,
                -19.05541
              ],
              [
                -169.910906,
                -19.055648
              ],
              [
                -169.906315,
                -19.055172
              ],
              [
                -169.86282,
                -19.072995
              ],
              [
                -169.867789,
                -19.079749
              ],
              [
                -169.872821,
                -19.082278
              ],
              [
                -169.874331,
                -19.086979
              ],
              [
                -169.875966,
                -19.089241
              ],
              [
                -169.874582,
                -19.092722
              ],
              [
                -169.878231,
                -19.092097
              ],
              [
                -169.88452,
                -19.086444
              ],
              [
                -169.892005,
                -19.083111
              ],
              [
                -169.903484,
                -19.080136
              ],
              [
                -169.905466,
                -19.079928
              ],
              [
                -169.906849,
                -19.080552
              ],
              [
                -169.908296,
                -19.078827
              ],
              [
                -169.909019,
                -19.078618
              ],
              [
                -169.910435,
                -19.079362
              ],
              [
                -169.911535,
                -19.078797
              ],
              [
                -169.911724,
                -19.078291
              ],
              [
                -169.912322,
                -19.078618
              ],
              [
                -169.911976,
                -19.079332
              ],
              [
                -169.912762,
                -19.080969
              ],
              [
                -169.922385,
                -19.079243
              ],
              [
                -169.926159,
                -19.08085
              ],
              [
                -169.928518,
                -19.081118
              ],
              [
                -169.929273,
                -19.08085
              ],
              [
                -169.932732,
                -19.081475
              ],
              [
                -169.936538,
                -19.081207
              ],
              [
                -169.941318,
                -19.078142
              ],
              [
                -169.944683,
                -19.079332
              ],
              [
                -169.94506,
                -19.078737
              ],
              [
                -169.945249,
                -19.078618
              ],
              [
                -169.945532,
                -19.078261
              ],
              [
                -169.945626,
                -19.078053
              ],
              [
                -169.946035,
                -19.077607
              ],
              [
                -169.946444,
                -19.07716
              ],
              [
                -169.946633,
                -19.076922
              ],
              [
                -169.946884,
                -19.076506
              ],
              [
                -169.94745,
                -19.075464
              ],
              [
                -169.947639,
                -19.075107
              ],
              [
                -169.948048,
                -19.074274
              ],
              [
                -169.948017,
                -19.073828
              ],
              [
                -169.947828,
                -19.072757
              ],
              [
                -169.947702,
                -19.072459
              ],
              [
                -169.947513,
                -19.072013
              ],
              [
                -169.947388,
                -19.071715
              ],
              [
                -169.947293,
                -19.071656
              ],
              [
                -169.94723,
                -19.071507
              ],
              [
                -169.94701,
                -19.071388
              ],
              [
                -169.946853,
                -19.07118
              ],
              [
                -169.946633,
                -19.071031
              ],
              [
                -169.946192,
                -19.070674
              ],
              [
                -169.945909,
                -19.070347
              ],
              [
                -169.945563,
                -19.070228
              ],
              [
                -169.945501,
                -19.070049
              ],
              [
                -169.944463,
                -19.069335
              ],
              [
                -169.944431,
                -19.069276
              ],
              [
                -169.9444,
                -19.069127
              ],
              [
                -169.944368,
                -19.069038
              ],
              [
                -169.944368,
                -19.068978
              ],
              [
                -169.944337,
                -19.068918
              ],
              [
                -169.944243,
                -19.068918
              ],
              [
                -169.94418,
                -19.068889
              ],
              [
                -169.944117,
                -19.068889
              ],
              [
                -169.944054,
                -19.068889
              ],
              [
                -169.943991,
                -19.068859
              ],
              [
                -169.943897,
                -19.068859
              ],
              [
                -169.943834,
                -19.068859
              ],
              [
                -169.943739,
                -19.068918
              ],
              [
                -169.943645,
                -19.068889
              ],
              [
                -169.943582,
                -19.068889
              ],
              [
                -169.943488,
                -19.068799
              ],
              [
                -169.943393,
                -19.06877
              ],
              [
                -169.943299,
                -19.06877
              ],
              [
                -169.943205,
                -19.06874
              ],
              [
                -169.94311,
                -19.06871
              ],
              [
                -169.943079,
                -19.06868
              ],
              [
                -169.943079,
                -19.068651
              ],
              [
                -169.94311,
                -19.068591
              ],
              [
                -169.943142,
                -19.068561
              ],
              [
                -169.943173,
                -19.068502
              ],
              [
                -169.94311,
                -19.068472
              ],
              [
                -169.943016,
                -19.068442
              ],
              [
                -169.942827,
                -19.068413
              ],
              [
                -169.942607,
                -19.068294
              ],
              [
                -169.942419,
                -19.068234
              ],
              [
                -169.942293,
                -19.068175
              ],
              [
                -169.94223,
                -19.068085
              ],
              [
                -169.942167,
                -19.067996
              ],
              [
                -169.942073,
                -19.067907
              ],
              [
                -169.941947,
                -19.067847
              ],
              [
                -169.941758,
                -19.067758
              ],
              [
                -169.941664,
                -19.067699
              ],
              [
                -169.941444,
                -19.06758
              ],
              [
                -169.941349,
                -19.06755
              ],
              [
                -169.941318,
                -19.06749
              ],
              [
                -169.941223,
                -19.067401
              ],
              [
                -169.941161,
                -19.067371
              ],
              [
                -169.941129,
                -19.067312
              ],
              [
                -169.941066,
                -19.067252
              ],
              [
                -169.941035,
                -19.067193
              ],
              [
                -169.940972,
                -19.067163
              ],
              [
                -169.940909,
                -19.067133
              ],
              [
                -169.940815,
                -19.067133
              ],
              [
                -169.940783,
                -19.067163
              ],
              [
                -169.940752,
                -19.067193
              ],
              [
                -169.940657,
                -19.067252
              ],
              [
                -169.940563,
                -19.067282
              ],
              [
                -169.9405,
                -19.067342
              ],
              [
                -169.940437,
                -19.067312
              ],
              [
                -169.940406,
                -19.067252
              ],
              [
                -169.940374,
                -19.067133
              ],
              [
                -169.940343,
                -19.067103
              ],
              [
                -169.940343,
                -19.067044
              ],
              [
                -169.940343,
                -19.066806
              ],
              [
                -169.940311,
                -19.066717
              ],
              [
                -169.940311,
                -19.066657
              ],
              [
                -169.940311,
                -19.066568
              ],
              [
                -169.940217,
                -19.066449
              ],
              [
                -169.940091,
                -19.066389
              ],
              [
                -169.940028,
                -19.06633
              ],
              [
                -169.939903,
                -19.06627
              ],
              [
                -169.93984,
                -19.066211
              ],
              [
                -169.939745,
                -19.066181
              ],
              [
                -169.939682,
                -19.066151
              ],
              [
                -169.93962,
                -19.066151
              ],
              [
                -169.939525,
                -19.066181
              ],
              [
                -169.939494,
                -19.066181
              ],
              [
                -169.939431,
                -19.066181
              ],
              [
                -169.939399,
                -19.066181
              ],
              [
                -169.939337,
                -19.066092
              ],
              [
                -169.939337,
                -19.065973
              ],
              [
                -169.939305,
                -19.065943
              ],
              [
                -169.939242,
                -19.065913
              ],
              [
                -169.939179,
                -19.065884
              ],
              [
                -169.939085,
                -19.065824
              ],
              [
                -169.938991,
                -19.065765
              ],
              [
                -169.938928,
                -19.065675
              ],
              [
                -169.938896,
                -19.065646
              ],
              [
                -169.938802,
                -19.065646
              ],
              [
                -169.938676,
                -19.065675
              ],
              [
                -169.938582,
                -19.065765
              ],
              [
                -169.938487,
                -19.065854
              ],
              [
                -169.938424,
                -19.065854
              ],
              [
                -169.93833,
                -19.065854
              ],
              [
                -169.938267,
                -19.065794
              ],
              [
                -169.938236,
                -19.065794
              ],
              [
                -169.938141,
                -19.065794
              ],
              [
                -169.938047,
                -19.065735
              ],
              [
                -169.937984,
                -19.065675
              ],
              [
                -169.937953,
                -19.065646
              ],
              [
                -169.937921,
                -19.065586
              ],
              [
                -169.937953,
                -19.065556
              ],
              [
                -169.937921,
                -19.065467
              ],
              [
                -169.937921,
                -19.065408
              ],
              [
                -169.937827,
                -19.065348
              ],
              [
                -169.937764,
                -19.065348
              ],
              [
                -169.937733,
                -19.065348
              ],
              [
                -169.937733,
                -19.065318
              ],
              [
                -169.937733,
                -19.065199
              ],
              [
                -169.93767,
                -19.065169
              ],
              [
                -169.93767,
                -19.06514
              ],
              [
                -169.937638,
                -19.06508
              ],
              [
                -169.937638,
                -19.06505
              ],
              [
                -169.937607,
                -19.065021
              ],
              [
                -169.937544,
                -19.065021
              ],
              [
                -169.937512,
                -19.065021
              ],
              [
                -169.937481,
                -19.064991
              ],
              [
                -169.937418,
                -19.064961
              ],
              [
                -169.937292,
                -19.064961
              ],
              [
                -169.937198,
                -19.064931
              ],
              [
                -169.937167,
                -19.064872
              ],
              [
                -169.937041,
                -19.064753
              ],
              [
                -169.936883,
                -19.064634
              ],
              [
                -169.936663,
                -19.064574
              ],
              [
                -169.936569,
                -19.064545
              ],
              [
                -169.936506,
                -19.064515
              ],
              [
                -169.936443,
                -19.064455
              ],
              [
                -169.936349,
                -19.064455
              ],
              [
                -169.936349,
                -19.064366
              ],
              [
                -169.936286,
                -19.064277
              ],
              [
                -169.936192,
                -19.064247
              ],
              [
                -169.93616,
                -19.064158
              ],
              [
                -169.936097,
                -19.064128
              ],
              [
                -169.936097,
                -19.064009
              ],
              [
                -169.936066,
                -19.063979
              ],
              [
                -169.936066,
                -19.06392
              ],
              [
                -169.936066,
                -19.06386
              ],
              [
                -169.936066,
                -19.06386
              ],
              [
                -169.935971,
                -19.063801
              ],
              [
                -169.935877,
                -19.063771
              ],
              [
                -169.935626,
                -19.063682
              ],
              [
                -169.935437,
                -19.063652
              ],
              [
                -169.935342,
                -19.063622
              ],
              [
                -169.93528,
                -19.063622
              ],
              [
                -169.935217,
                -19.063622
              ],
              [
                -169.935091,
                -19.063592
              ],
              [
                -169.935091,
                -19.063533
              ],
              [
                -169.935059,
                -19.063473
              ],
              [
                -169.934965,
                -19.063444
              ],
              [
                -169.934934,
                -19.063414
              ],
              [
                -169.934871,
                -19.063414
              ],
              [
                -169.934808,
                -19.063414
              ],
              [
                -169.934713,
                -19.063325
              ],
              [
                -169.934682,
                -19.063265
              ],
              [
                -169.934651,
                -19.063235
              ],
              [
                -169.934556,
                -19.063235
              ],
              [
                -169.934493,
                -19.063235
              ],
              [
                -169.934462,
                -19.063235
              ],
              [
                -169.93443,
                -19.063265
              ],
              [
                -169.934399,
                -19.063325
              ],
              [
                -169.934336,
                -19.063325
              ],
              [
                -169.934305,
                -19.063295
              ],
              [
                -169.934273,
                -19.063265
              ],
              [
                -169.934305,
                -19.063206
              ],
              [
                -169.934336,
                -19.063116
              ],
              [
                -169.934336,
                -19.063057
              ],
              [
                -169.934242,
                -19.062968
              ],
              [
                -169.934116,
                -19.062878
              ],
              [
                -169.934084,
                -19.062849
              ],
              [
                -169.934053,
                -19.062819
              ],
              [
                -169.933959,
                -19.06273
              ],
              [
                -169.933833,
                -19.06267
              ],
              [
                -169.933707,
                -19.06264
              ],
              [
                -169.933581,
                -19.062492
              ],
              [
                -169.93355,
                -19.062402
              ],
              [
                -169.933487,
                -19.062373
              ],
              [
                -169.933393,
                -19.062313
              ],
              [
                -169.93333,
                -19.062283
              ],
              [
                -169.933235,
                -19.062224
              ],
              [
                -169.933078,
                -19.062164
              ],
              [
                -169.933047,
                -19.062075
              ],
              [
                -169.932984,
                -19.062045
              ],
              [
                -169.932827,
                -19.061956
              ],
              [
                -169.932669,
                -19.061867
              ],
              [
                -169.932575,
                -19.061748
              ],
              [
                -169.932449,
                -19.061718
              ],
              [
                -169.932323,
                -19.061599
              ],
              [
                -169.932229,
                -19.06148
              ],
              [
                -169.932166,
                -19.061539
              ],
              [
                -169.932103,
                -19.061569
              ],
              [
                -169.93204,
                -19.061658
              ],
              [
                -169.931977,
                -19.061718
              ],
              [
                -169.931914,
                -19.061748
              ],
              [
                -169.931883,
                -19.061777
              ],
              [
                -169.93182,
                -19.061777
              ],
              [
                -169.931789,
                -19.061748
              ],
              [
                -169.93182,
                -19.061658
              ],
              [
                -169.931757,
                -19.061599
              ],
              [
                -169.931726,
                -19.061539
              ],
              [
                -169.931726,
                -19.06151
              ],
              [
                -169.931757,
                -19.06145
              ],
              [
                -169.931789,
                -19.061301
              ],
              [
                -169.931726,
                -19.061212
              ],
              [
                -169.931663,
                -19.061153
              ],
              [
                -169.9316,
                -19.061063
              ],
              [
                -169.931537,
                -19.061063
              ],
              [
                -169.931474,
                -19.061034
              ],
              [
                -169.931411,
                -19.061004
              ],
              [
                -169.931317,
                -19.060974
              ],
              [
                -169.931254,
                -19.060974
              ],
              [
                -169.93116,
                -19.060915
              ],
              [
                -169.931097,
                -19.060885
              ],
              [
                -169.931002,
                -19.060885
              ],
              [
                -169.930908,
                -19.060796
              ],
              [
                -169.930751,
                -19.060766
              ],
              [
                -169.930688,
                -19.060647
              ],
              [
                -169.930657,
                -19.060587
              ],
              [
                -169.930562,
                -19.060468
              ],
              [
                -169.930531,
                -19.060439
              ],
              [
                -169.930499,
                -19.060409
              ],
              [
                -169.930468,
                -19.060409
              ],
              [
                -169.930373,
                -19.060379
              ],
              [
                -169.930311,
                -19.060379
              ],
              [
                -169.930279,
                -19.060439
              ],
              [
                -169.930122,
                -19.060468
              ],
              [
                -169.930028,
                -19.060498
              ],
              [
                -169.929902,
                -19.060498
              ],
              [
                -169.929807,
                -19.060528
              ],
              [
                -169.929744,
                -19.060558
              ],
              [
                -169.929682,
                -19.060587
              ],
              [
                -169.929619,
                -19.060558
              ],
              [
                -169.929619,
                -19.060558
              ],
              [
                -169.929713,
                -19.060468
              ],
              [
                -169.929776,
                -19.060439
              ],
              [
                -169.929776,
                -19.060439
              ],
              [
                -169.929744,
                -19.060439
              ],
              [
                -169.929713,
                -19.060439
              ],
              [
                -169.92965,
                -19.060468
              ],
              [
                -169.929619,
                -19.060468
              ],
              [
                -169.929556,
                -19.060439
              ],
              [
                -169.929524,
                -19.060439
              ],
              [
                -169.929461,
                -19.060409
              ],
              [
                -169.929399,
                -19.06032
              ],
              [
                -169.929367,
                -19.06029
              ],
              [
                -169.929367,
                -19.06023
              ],
              [
                -169.929399,
                -19.060201
              ],
              [
                -169.92943,
                -19.060082
              ],
              [
                -169.929493,
                -19.059992
              ],
              [
                -169.929524,
                -19.059903
              ],
              [
                -169.929524,
                -19.059784
              ],
              [
                -169.929493,
                -19.059754
              ],
              [
                -169.92943,
                -19.059724
              ],
              [
                -169.929399,
                -19.059724
              ],
              [
                -169.929304,
                -19.059724
              ],
              [
                -169.929241,
                -19.059784
              ],
              [
                -169.929147,
                -19.059814
              ],
              [
                -169.929084,
                -19.059843
              ],
              [
                -169.929021,
                -19.059843
              ],
              [
                -169.92899,
                -19.059843
              ],
              [
                -169.928927,
                -19.059843
              ],
              [
                -169.928832,
                -19.059873
              ],
              [
                -169.92877,
                -19.059873
              ],
              [
                -169.928738,
                -19.059903
              ],
              [
                -169.928738,
                -19.059933
              ],
              [
                -169.928738,
                -19.059962
              ],
              [
                -169.928675,
                -19.060052
              ],
              [
                -169.928644,
                -19.060052
              ],
              [
                -169.928581,
                -19.060022
              ],
              [
                -169.928487,
                -19.060022
              ],
              [
                -169.928455,
                -19.059992
              ],
              [
                -169.928361,
                -19.059992
              ],
              [
                -169.928329,
                -19.059903
              ],
              [
                -169.928329,
                -19.059814
              ],
              [
                -169.928361,
                -19.059665
              ],
              [
                -169.928392,
                -19.059546
              ],
              [
                -169.928329,
                -19.059457
              ],
              [
                -169.928298,
                -19.059338
              ],
              [
                -169.928424,
                -19.059219
              ],
              [
                -169.928455,
                -19.059159
              ],
              [
                -169.928392,
                -19.05904
              ],
              [
                -169.928266,
                -19.05901
              ],
              [
                -169.928172,
                -19.05901
              ],
              [
                -169.928109,
                -19.05904
              ],
              [
                -169.927983,
                -19.05904
              ],
              [
                -169.927983,
                -19.05901
              ],
              [
                -169.927826,
                -19.058981
              ],
              [
                -169.927763,
                -19.058981
              ],
              [
                -169.9277,
                -19.05907
              ],
              [
                -169.927606,
                -19.0591
              ],
              [
                -169.927574,
                -19.0591
              ],
              [
                -169.927606,
                -19.05907
              ],
              [
                -169.927574,
                -19.05901
              ],
              [
                -169.927512,
                -19.05901
              ],
              [
                -169.927354,
                -19.0591
              ],
              [
                -169.927354,
                -19.0591
              ],
              [
                -169.927291,
                -19.059159
              ],
              [
                -169.927134,
                -19.059159
              ],
              [
                -169.927103,
                -19.059129
              ],
              [
                -169.927103,
                -19.0591
              ],
              [
                -169.927071,
                -19.05901
              ],
              [
                -169.927071,
                -19.058921
              ],
              [
                -169.92704,
                -19.058772
              ],
              [
                -169.926946,
                -19.058743
              ],
              [
                -169.92682,
                -19.058743
              ],
              [
                -169.926788,
                -19.058772
              ],
              [
                -169.926725,
                -19.058832
              ],
              [
                -169.926694,
                -19.058921
              ],
              [
                -169.926631,
                -19.05901
              ],
              [
                -169.926568,
                -19.0591
              ],
              [
                -169.926474,
                -19.0591
              ],
              [
                -169.926317,
                -19.059129
              ],
              [
                -169.926254,
                -19.059159
              ],
              [
                -169.926191,
                -19.059129
              ],
              [
                -169.926159,
                -19.05907
              ],
              [
                -169.926159,
                -19.058981
              ],
              [
                -169.926159,
                -19.058832
              ],
              [
                -169.926128,
                -19.058713
              ],
              [
                -169.926065,
                -19.058653
              ],
              [
                -169.926033,
                -19.058564
              ],
              [
                -169.925908,
                -19.058564
              ],
              [
                -169.925813,
                -19.058505
              ],
              [
                -169.925782,
                -19.058356
              ],
              [
                -169.925719,
                -19.058356
              ],
              [
                -169.925656,
                -19.058296
              ],
              [
                -169.925688,
                -19.058207
              ],
              [
                -169.925656,
                -19.058147
              ],
              [
                -169.925656,
                -19.058088
              ],
              [
                -169.925625,
                -19.058028
              ],
              [
                -169.925562,
                -19.058028
              ],
              [
                -169.92553,
                -19.057999
              ],
              [
                -169.925562,
                -19.057939
              ],
              [
                -169.925625,
                -19.057909
              ],
              [
                -169.925719,
                -19.05785
              ],
              [
                -169.925688,
                -19.057761
              ],
              [
                -169.925593,
                -19.057761
              ],
              [
                -169.925499,
                -19.05779
              ],
              [
                -169.925467,
                -19.05785
              ],
              [
                -169.925373,
                -19.05785
              ],
              [
                -169.92531,
                -19.057761
              ],
              [
                -169.925247,
                -19.057701
              ],
              [
                -169.925153,
                -19.057671
              ],
              [
                -169.92509,
                -19.057671
              ],
              [
                -169.92509,
                -19.057642
              ],
              [
                -169.924996,
                -19.057642
              ],
              [
                -169.924996,
                -19.057612
              ],
              [
                -169.92509,
                -19.057612
              ],
              [
                -169.925216,
                -19.057642
              ],
              [
                -169.925342,
                -19.057552
              ],
              [
                -169.925342,
                -19.057463
              ],
              [
                -169.925279,
                -19.057463
              ],
              [
                -169.925216,
                -19.057493
              ],
              [
                -169.925184,
                -19.057493
              ],
              [
                -169.925153,
                -19.057374
              ],
              [
                -169.925216,
                -19.057344
              ],
              [
                -169.925279,
                -19.057285
              ],
              [
                -169.92531,
                -19.057195
              ],
              [
                -169.925279,
                -19.057136
              ],
              [
                -169.925184,
                -19.057166
              ],
              [
                -169.925059,
                -19.057225
              ],
              [
                -169.924964,
                -19.057285
              ],
              [
                -169.924901,
                -19.057225
              ],
              [
                -169.924964,
                -19.057106
              ],
              [
                -169.92487,
                -19.057047
              ],
              [
                -169.924744,
                -19.057047
              ],
              [
                -169.92465,
                -19.057017
              ],
              [
                -169.924555,
                -19.056928
              ],
              [
                -169.924492,
                -19.056957
              ],
              [
                -169.924461,
                -19.056987
              ],
              [
                -169.924461,
                -19.056957
              ],
              [
                -169.924492,
                -19.056898
              ],
              [
                -169.924461,
                -19.056749
              ],
              [
                -169.924398,
                -19.056779
              ],
              [
                -169.924367,
                -19.056838
              ],
              [
                -169.924304,
                -19.056868
              ],
              [
                -169.924272,
                -19.056957
              ],
              [
                -169.924241,
                -19.056928
              ],
              [
                -169.924241,
                -19.056898
              ],
              [
                -169.924272,
                -19.056838
              ],
              [
                -169.924335,
                -19.056719
              ],
              [
                -169.924335,
                -19.05666
              ],
              [
                -169.924272,
                -19.0566
              ],
              [
                -169.924272,
                -19.056571
              ],
              [
                -169.924147,
                -19.056571
              ],
              [
                -169.924021,
                -19.05663
              ],
              [
                -169.923926,
                -19.056749
              ],
              [
                -169.923832,
                -19.056749
              ],
              [
                -169.923675,
                -19.056779
              ],
              [
                -169.923549,
                -19.056749
              ],
              [
                -169.923455,
                -19.056809
              ],
              [
                -169.923297,
                -19.056719
              ],
              [
                -169.923172,
                -19.056749
              ],
              [
                -169.923109,
                -19.05669
              ],
              [
                -169.923046,
                -19.05666
              ],
              [
                -169.922983,
                -19.05669
              ],
              [
                -169.922857,
                -19.056809
              ],
              [
                -169.922763,
                -19.056809
              ],
              [
                -169.922731,
                -19.056809
              ],
              [
                -169.922668,
                -19.056809
              ],
              [
                -169.922637,
                -19.056809
              ],
              [
                -169.922543,
                -19.05666
              ],
              [
                -169.922448,
                -19.056541
              ],
              [
                -169.922385,
                -19.056481
              ],
              [
                -169.92226,
                -19.056451
              ],
              [
                -169.922228,
                -19.056392
              ],
              [
                -169.922165,
                -19.056243
              ],
              [
                -169.922134,
                -19.056213
              ],
              [
                -169.922134,
                -19.056154
              ],
              [
                -169.922165,
                -19.056094
              ],
              [
                -169.922197,
                -19.056065
              ],
              [
                -169.922165,
                -19.055946
              ],
              [
                -169.922071,
                -19.055946
              ],
              [
                -169.921977,
                -19.056005
              ],
              [
                -169.921882,
                -19.056005
              ],
              [
                -169.921788,
                -19.056035
              ],
              [
                -169.921725,
                -19.056035
              ],
              [
                -169.921693,
                -19.056005
              ],
              [
                -169.921693,
                -19.056005
              ],
              [
                -169.921693,
                -19.055886
              ],
              [
                -169.921693,
                -19.055886
              ],
              [
                -169.921725,
                -19.055797
              ],
              [
                -169.921914,
                -19.055708
              ],
              [
                -169.922039,
                -19.055618
              ],
              [
                -169.922228,
                -19.055351
              ],
              [
                -169.922385,
                -19.055202
              ],
              [
                -169.92248,
                -19.054994
              ],
              [
                -169.92248,
                -19.054964
              ],
              [
                -169.922448,
                -19.054904
              ],
              [
                -169.922385,
                -19.054904
              ],
              [
                -169.922354,
                -19.054904
              ],
              [
                -169.922228,
                -19.054994
              ],
              [
                -169.922134,
                -19.055023
              ],
              [
                -169.922039,
                -19.055023
              ],
              [
                -169.921977,
                -19.055023
              ],
              [
                -169.921851,
                -19.054994
              ],
              [
                -169.921725,
                -19.054964
              ],
              [
                -169.921599,
                -19.054964
              ],
              [
                -169.921473,
                -19.054934
              ],
              [
                -169.92141,
                -19.054934
              ],
              [
                -169.921348,
                -19.054875
              ],
              [
                -169.921316,
                -19.054815
              ],
              [
                -169.921285,
                -19.054815
              ],
              [
                -169.921159,
                -19.054755
              ],
              [
                -169.921127,
                -19.054755
              ],
              [
                -169.921064,
                -19.054755
              ],
              [
                -169.92097,
                -19.054785
              ],
              [
                -169.920876,
                -19.054785
              ],
              [
                -169.920813,
                -19.054755
              ],
              [
                -169.920781,
                -19.054666
              ],
              [
                -169.920719,
                -19.054607
              ],
              [
                -169.920656,
                -19.054607
              ],
              [
                -169.920593,
                -19.054666
              ],
              [
                -169.92053,
                -19.054666
              ],
              [
                -169.920467,
                -19.054636
              ],
              [
                -169.920404,
                -19.054607
              ],
              [
                -169.920341,
                -19.054517
              ],
              [
                -169.920341,
                -19.054517
              ],
              [
                -169.920278,
                -19.054428
              ],
              [
                -169.920278,
                -19.054398
              ],
              [
                -169.920247,
                -19.054369
              ],
              [
                -169.920247,
                -19.054339
              ],
              [
                -169.920247,
                -19.054279
              ],
              [
                -169.920215,
                -19.05425
              ],
              [
                -169.920152,
                -19.05422
              ],
              [
                -169.920121,
                -19.05416
              ],
              [
                -169.920152,
                -19.054131
              ],
              [
                -169.920215,
                -19.054071
              ],
              [
                -169.920215,
                -19.054012
              ],
              [
                -169.920215,
                -19.053982
              ],
              [
                -169.920247,
                -19.053952
              ],
              [
                -169.92031,
                -19.053922
              ],
              [
                -169.920278,
                -19.053893
              ],
              [
                -169.920278,
                -19.053833
              ],
              [
                -169.92031,
                -19.053803
              ],
              [
                -169.920341,
                -19.053774
              ],
              [
                -169.920404,
                -19.053774
              ],
              [
                -169.920404,
                -19.053714
              ],
              [
                -169.920341,
                -19.053684
              ],
              [
                -169.920341,
                -19.053655
              ],
              [
                -169.920373,
                -19.053595
              ],
              [
                -169.920341,
                -19.053595
              ],
              [
                -169.92031,
                -19.053595
              ],
              [
                -169.920278,
                -19.053565
              ],
              [
                -169.920247,
                -19.053506
              ],
              [
                -169.920278,
                -19.053446
              ],
              [
                -169.920215,
                -19.053417
              ],
              [
                -169.920184,
                -19.053357
              ],
              [
                -169.920184,
                -19.053327
              ],
              [
                -169.920152,
                -19.053298
              ],
              [
                -169.920152,
                -19.053327
              ],
              [
                -169.920121,
                -19.053357
              ],
              [
                -169.92009,
                -19.053417
              ],
              [
                -169.920058,
                -19.053417
              ],
              [
                -169.919995,
                -19.053446
              ],
              [
                -169.919901,
                -19.053417
              ],
              [
                -169.919838,
                -19.053357
              ],
              [
                -169.919744,
                -19.053298
              ],
              [
                -169.919744,
                -19.053268
              ],
              [
                -169.919712,
                -19.053208
              ],
              [
                -169.919681,
                -19.053149
              ],
              [
                -169.919649,
                -19.053149
              ],
              [
                -169.919649,
                -19.053119
              ],
              [
                -169.919712,
                -19.053119
              ],
              [
                -169.919744,
                -19.05306
              ],
              [
                -169.919712,
                -19.053
              ],
              [
                -169.919681,
                -19.05294
              ],
              [
                -169.919681,
                -19.052881
              ],
              [
                -169.919681,
                -19.052821
              ],
              [
                -169.919712,
                -19.052762
              ],
              [
                -169.919649,
                -19.052702
              ],
              [
                -169.919555,
                -19.052762
              ],
              [
                -169.919492,
                -19.052762
              ],
              [
                -169.919429,
                -19.052792
              ],
              [
                -169.919335,
                -19.052792
              ],
              [
                -169.919303,
                -19.052762
              ],
              [
                -169.919335,
                -19.052673
              ],
              [
                -169.919303,
                -19.052643
              ],
              [
                -169.919209,
                -19.052643
              ],
              [
                -169.919052,
                -19.052702
              ]
            ]
          ]
        ]
      }
    },
    {
      "type": "Feature",
      "properties": {
        "name": "Avatele",
        "census_night_population_2022": 128,
        "source_geometry": "https://upload.wikimedia.org/wikipedia/commons/a/a4/Niue_location_map.svg",
        "source_population": "https://niuestatistics.nu/census/population-housing/",
        "processing": "Village boundaries converted from a CC BY-SA location-map SVG to WGS84 using the map's published geographic limits."
      },
      "geometry": {
        "type": "MultiPolygon",
        "coordinates": [
          [
            [
              [
                -169.912542,
                -19.109831
              ],
              [
                -169.90622,
                -19.106082
              ],
              [
                -169.896345,
                -19.101916
              ],
              [
                -169.887068,
                -19.098792
              ],
              [
                -169.878231,
                -19.092097
              ],
              [
                -169.874582,
                -19.092722
              ],
              [
                -169.873953,
                -19.099803
              ],
              [
                -169.879551,
                -19.116614
              ],
              [
                -169.880086,
                -19.120512
              ],
              [
                -169.881816,
                -19.120512
              ],
              [
                -169.881784,
                -19.122149
              ],
              [
                -169.883514,
                -19.122149
              ],
              [
                -169.883451,
                -19.125422
              ],
              [
                -169.886785,
                -19.125422
              ],
              [
                -169.890779,
                -19.127266
              ],
              [
                -169.891156,
                -19.127921
              ],
              [
                -169.897886,
                -19.137561
              ],
              [
                -169.898736,
                -19.137472
              ],
              [
                -169.900339,
                -19.136877
              ],
              [
                -169.901283,
                -19.13655
              ],
              [
                -169.902572,
                -19.136074
              ],
              [
                -169.903359,
                -19.135836
              ],
              [
                -169.904145,
                -19.135776
              ],
              [
                -169.906409,
                -19.135746
              ],
              [
                -169.907636,
                -19.135776
              ],
              [
                -169.908831,
                -19.135836
              ],
              [
                -169.909491,
                -19.136044
              ],
              [
                -169.910781,
                -19.136342
              ],
              [
                -169.912196,
                -19.13658
              ],
              [
                -169.913328,
                -19.13655
              ],
              [
                -169.91424,
                -19.136609
              ],
              [
                -169.916567,
                -19.136133
              ],
              [
                -169.917699,
                -19.135776
              ],
              [
                -169.919083,
                -19.135122
              ],
              [
                -169.920436,
                -19.134437
              ],
              [
                -169.921316,
                -19.133693
              ],
              [
                -169.921505,
                -19.133039
              ],
              [
                -169.921505,
                -19.132682
              ],
              [
                -169.921442,
                -19.132146
              ],
              [
                -169.921033,
                -19.131849
              ],
              [
                -169.920027,
                -19.131462
              ],
              [
                -169.91902,
                -19.13042
              ],
              [
                -169.917825,
                -19.129706
              ],
              [
                -169.916756,
                -19.128814
              ],
              [
                -169.915687,
                -19.127772
              ],
              [
                -169.915152,
                -19.127594
              ],
              [
                -169.914492,
                -19.127147
              ],
              [
                -169.914492,
                -19.127147
              ],
              [
                -169.913957,
                -19.126999
              ],
              [
                -169.913485,
                -19.126493
              ],
              [
                -169.913013,
                -19.126106
              ],
              [
                -169.912856,
                -19.125392
              ],
              [
                -169.912762,
                -19.125124
              ],
              [
                -169.91273,
                -19.125065
              ],
              [
                -169.912605,
                -19.125005
              ],
              [
                -169.912479,
                -19.124975
              ],
              [
                -169.912384,
                -19.124975
              ],
              [
                -169.912259,
                -19.125124
              ],
              [
                -169.912196,
                -19.125154
              ],
              [
                -169.91207,
                -19.125243
              ],
              [
                -169.911976,
                -19.125273
              ],
              [
                -169.911818,
                -19.125213
              ],
              [
                -169.911661,
                -19.125213
              ],
              [
                -169.91163,
                -19.125243
              ],
              [
                -169.911598,
                -19.125213
              ],
              [
                -169.911598,
                -19.125154
              ],
              [
                -169.911598,
                -19.125094
              ],
              [
                -169.911598,
                -19.125065
              ],
              [
                -169.911535,
                -19.125035
              ],
              [
                -169.911472,
                -19.124975
              ],
              [
                -169.911472,
                -19.124946
              ],
              [
                -169.911472,
                -19.124916
              ],
              [
                -169.91141,
                -19.124856
              ],
              [
                -169.911378,
                -19.124797
              ],
              [
                -169.911347,
                -19.124737
              ],
              [
                -169.911378,
                -19.124708
              ],
              [
                -169.91141,
                -19.124648
              ],
              [
                -169.911472,
                -19.124618
              ],
              [
                -169.911535,
                -19.124529
              ],
              [
                -169.911598,
                -19.124499
              ],
              [
                -169.91163,
                -19.12444
              ],
              [
                -169.911693,
                -19.12441
              ],
              [
                -169.911756,
                -19.12441
              ],
              [
                -169.911818,
                -19.12441
              ],
              [
                -169.911881,
                -19.12438
              ],
              [
                -169.911913,
                -19.124321
              ],
              [
                -169.911944,
                -19.124291
              ],
              [
                -169.911976,
                -19.124261
              ],
              [
                -169.911944,
                -19.124232
              ],
              [
                -169.911944,
                -19.124202
              ],
              [
                -169.911913,
                -19.124172
              ],
              [
                -169.91185,
                -19.124142
              ],
              [
                -169.911693,
                -19.124142
              ],
              [
                -169.91163,
                -19.124142
              ],
              [
                -169.911598,
                -19.124113
              ],
              [
                -169.911535,
                -19.124083
              ],
              [
                -169.911535,
                -19.124053
              ],
              [
                -169.911472,
                -19.123934
              ],
              [
                -169.911472,
                -19.123875
              ],
              [
                -169.911504,
                -19.123845
              ],
              [
                -169.911504,
                -19.123785
              ],
              [
                -169.911535,
                -19.123755
              ],
              [
                -169.911535,
                -19.123755
              ],
              [
                -169.911504,
                -19.123726
              ],
              [
                -169.911472,
                -19.123636
              ],
              [
                -169.911441,
                -19.123577
              ],
              [
                -169.91141,
                -19.123577
              ],
              [
                -169.911378,
                -19.123517
              ],
              [
                -169.911347,
                -19.123517
              ],
              [
                -169.911347,
                -19.123517
              ],
              [
                -169.911347,
                -19.123517
              ],
              [
                -169.911347,
                -19.123488
              ],
              [
                -169.911347,
                -19.123488
              ],
              [
                -169.911347,
                -19.123458
              ],
              [
                -169.911347,
                -19.123428
              ],
              [
                -169.911315,
                -19.123428
              ],
              [
                -169.911284,
                -19.123428
              ],
              [
                -169.911221,
                -19.123398
              ],
              [
                -169.911158,
                -19.123339
              ],
              [
                -169.911127,
                -19.12325
              ],
              [
                -169.911127,
                -19.123012
              ],
              [
                -169.911127,
                -19.122952
              ],
              [
                -169.911158,
                -19.122863
              ],
              [
                -169.911127,
                -19.122774
              ],
              [
                -169.911127,
                -19.122625
              ],
              [
                -169.911158,
                -19.122565
              ],
              [
                -169.911158,
                -19.122476
              ],
              [
                -169.911095,
                -19.122417
              ],
              [
                -169.911095,
                -19.122357
              ],
              [
                -169.911127,
                -19.122238
              ],
              [
                -169.911127,
                -19.122179
              ],
              [
                -169.911158,
                -19.122119
              ],
              [
                -169.911221,
                -19.12206
              ],
              [
                -169.911221,
                -19.12206
              ],
              [
                -169.911284,
                -19.12203
              ],
              [
                -169.911315,
                -19.122
              ],
              [
                -169.911378,
                -19.12197
              ],
              [
                -169.911472,
                -19.12194
              ],
              [
                -169.911504,
                -19.12194
              ],
              [
                -169.911504,
                -19.121911
              ],
              [
                -169.911504,
                -19.121911
              ],
              [
                -169.911504,
                -19.121881
              ],
              [
                -169.911504,
                -19.121851
              ],
              [
                -169.911504,
                -19.121821
              ],
              [
                -169.911472,
                -19.121762
              ],
              [
                -169.911441,
                -19.121732
              ],
              [
                -169.911441,
                -19.121702
              ],
              [
                -169.911441,
                -19.121643
              ],
              [
                -169.911441,
                -19.121583
              ],
              [
                -169.911378,
                -19.121464
              ],
              [
                -169.911378,
                -19.121375
              ],
              [
                -169.911378,
                -19.121345
              ],
              [
                -169.911378,
                -19.121316
              ],
              [
                -169.911378,
                -19.121286
              ],
              [
                -169.911315,
                -19.121316
              ],
              [
                -169.911252,
                -19.121345
              ],
              [
                -169.911189,
                -19.121375
              ],
              [
                -169.911158,
                -19.121405
              ],
              [
                -169.911095,
                -19.121435
              ],
              [
                -169.911032,
                -19.121464
              ],
              [
                -169.911032,
                -19.121464
              ],
              [
                -169.911001,
                -19.121464
              ],
              [
                -169.910938,
                -19.121405
              ],
              [
                -169.910938,
                -19.121405
              ],
              [
                -169.910906,
                -19.121316
              ],
              [
                -169.910938,
                -19.121226
              ],
              [
                -169.910969,
                -19.121197
              ],
              [
                -169.910969,
                -19.121137
              ],
              [
                -169.910969,
                -19.121107
              ],
              [
                -169.911001,
                -19.121078
              ],
              [
                -169.911032,
                -19.121048
              ],
              [
                -169.911064,
                -19.121018
              ],
              [
                -169.911095,
                -19.120988
              ],
              [
                -169.911127,
                -19.120959
              ],
              [
                -169.911127,
                -19.12081
              ],
              [
                -169.911095,
                -19.12075
              ],
              [
                -169.911064,
                -19.120661
              ],
              [
                -169.911032,
                -19.120602
              ],
              [
                -169.911001,
                -19.120542
              ],
              [
                -169.910969,
                -19.120512
              ],
              [
                -169.910938,
                -19.120453
              ],
              [
                -169.910906,
                -19.120423
              ],
              [
                -169.910875,
                -19.120364
              ],
              [
                -169.910843,
                -19.120364
              ],
              [
                -169.910781,
                -19.120334
              ],
              [
                -169.910749,
                -19.120304
              ],
              [
                -169.910718,
                -19.120304
              ],
              [
                -169.910686,
                -19.120274
              ],
              [
                -169.910686,
                -19.120245
              ],
              [
                -169.910686,
                -19.120185
              ],
              [
                -169.910686,
                -19.120125
              ],
              [
                -169.910686,
                -19.120066
              ],
              [
                -169.910718,
                -19.120006
              ],
              [
                -169.910749,
                -19.119977
              ],
              [
                -169.910781,
                -19.119977
              ],
              [
                -169.910812,
                -19.119977
              ],
              [
                -169.910843,
                -19.119977
              ],
              [
                -169.910875,
                -19.119977
              ],
              [
                -169.910938,
                -19.119947
              ],
              [
                -169.910969,
                -19.119917
              ],
              [
                -169.911032,
                -19.119858
              ],
              [
                -169.911064,
                -19.119768
              ],
              [
                -169.911064,
                -19.119679
              ],
              [
                -169.911064,
                -19.11962
              ],
              [
                -169.911064,
                -19.11959
              ],
              [
                -169.911064,
                -19.11956
              ],
              [
                -169.911001,
                -19.119501
              ],
              [
                -169.910938,
                -19.119471
              ],
              [
                -169.910875,
                -19.119471
              ],
              [
                -169.910812,
                -19.119441
              ],
              [
                -169.910781,
                -19.119441
              ],
              [
                -169.910749,
                -19.119411
              ],
              [
                -169.910686,
                -19.119382
              ],
              [
                -169.910686,
                -19.119352
              ],
              [
                -169.910686,
                -19.119292
              ],
              [
                -169.910686,
                -19.119263
              ],
              [
                -169.910749,
                -19.119203
              ],
              [
                -169.910781,
                -19.119173
              ],
              [
                -169.910812,
                -19.119144
              ],
              [
                -169.910843,
                -19.119144
              ],
              [
                -169.910875,
                -19.119144
              ],
              [
                -169.910969,
                -19.119084
              ],
              [
                -169.910969,
                -19.119054
              ],
              [
                -169.911001,
                -19.119025
              ],
              [
                -169.911001,
                -19.118965
              ],
              [
                -169.911001,
                -19.118906
              ],
              [
                -169.911001,
                -19.118876
              ],
              [
                -169.911001,
                -19.118846
              ],
              [
                -169.910969,
                -19.118846
              ],
              [
                -169.910875,
                -19.118816
              ],
              [
                -169.910812,
                -19.118787
              ],
              [
                -169.910749,
                -19.118727
              ],
              [
                -169.910749,
                -19.118608
              ],
              [
                -169.910718,
                -19.118519
              ],
              [
                -169.910718,
                -19.118459
              ],
              [
                -169.910718,
                -19.1184
              ],
              [
                -169.910718,
                -19.11834
              ],
              [
                -169.910718,
                -19.118251
              ],
              [
                -169.910686,
                -19.118162
              ],
              [
                -169.910718,
                -19.118043
              ],
              [
                -169.910718,
                -19.117894
              ],
              [
                -169.910749,
                -19.117775
              ],
              [
                -169.910749,
                -19.117656
              ],
              [
                -169.910749,
                -19.117567
              ],
              [
                -169.910749,
                -19.117537
              ],
              [
                -169.910749,
                -19.117477
              ],
              [
                -169.910749,
                -19.117448
              ],
              [
                -169.910749,
                -19.117358
              ],
              [
                -169.910749,
                -19.117299
              ],
              [
                -169.910749,
                -19.11721
              ],
              [
                -169.910749,
                -19.11718
              ],
              [
                -169.910749,
                -19.117091
              ],
              [
                -169.910749,
                -19.117061
              ],
              [
                -169.910749,
                -19.117031
              ],
              [
                -169.910718,
                -19.117001
              ],
              [
                -169.910718,
                -19.116972
              ],
              [
                -169.910718,
                -19.116942
              ],
              [
                -169.910718,
                -19.116823
              ],
              [
                -169.910718,
                -19.116763
              ],
              [
                -169.910686,
                -19.116734
              ],
              [
                -169.910655,
                -19.116674
              ],
              [
                -169.910623,
                -19.116585
              ],
              [
                -169.910623,
                -19.116466
              ],
              [
                -169.910686,
                -19.116347
              ],
              [
                -169.910718,
                -19.116109
              ],
              [
                -169.910749,
                -19.116049
              ],
              [
                -169.910781,
                -19.1159
              ],
              [
                -169.910843,
                -19.115781
              ],
              [
                -169.910843,
                -19.115692
              ],
              [
                -169.910812,
                -19.115633
              ],
              [
                -169.910812,
                -19.115603
              ],
              [
                -169.910812,
                -19.115573
              ],
              [
                -169.910812,
                -19.115543
              ],
              [
                -169.910843,
                -19.115514
              ],
              [
                -169.910843,
                -19.115454
              ],
              [
                -169.910875,
                -19.115424
              ],
              [
                -169.910906,
                -19.115365
              ],
              [
                -169.910938,
                -19.115335
              ],
              [
                -169.910938,
                -19.115305
              ],
              [
                -169.910938,
                -19.115186
              ],
              [
                -169.910969,
                -19.115067
              ],
              [
                -169.910906,
                -19.114918
              ],
              [
                -169.910938,
                -19.114799
              ],
              [
                -169.911032,
                -19.114591
              ],
              [
                -169.911001,
                -19.114442
              ],
              [
                -169.911064,
                -19.114204
              ],
              [
                -169.911127,
                -19.113966
              ],
              [
                -169.911127,
                -19.113907
              ],
              [
                -169.911127,
                -19.113788
              ],
              [
                -169.911158,
                -19.113728
              ],
              [
                -169.911158,
                -19.113669
              ],
              [
                -169.911189,
                -19.113639
              ],
              [
                -169.911221,
                -19.11352
              ],
              [
                -169.911221,
                -19.11349
              ],
              [
                -169.911252,
                -19.113431
              ],
              [
                -169.911252,
                -19.113342
              ],
              [
                -169.911284,
                -19.113282
              ],
              [
                -169.911284,
                -19.113163
              ],
              [
                -169.911284,
                -19.113103
              ],
              [
                -169.911347,
                -19.112895
              ],
              [
                -169.911347,
                -19.112776
              ],
              [
                -169.911441,
                -19.112508
              ],
              [
                -169.911472,
                -19.112211
              ],
              [
                -169.911504,
                -19.112062
              ],
              [
                -169.91163,
                -19.111943
              ],
              [
                -169.911787,
                -19.111854
              ],
              [
                -169.91185,
                -19.111616
              ],
              [
                -169.911944,
                -19.111348
              ],
              [
                -169.911976,
                -19.111259
              ],
              [
                -169.912007,
                -19.11105
              ],
              [
                -169.912101,
                -19.110931
              ],
              [
                -169.912101,
                -19.110783
              ],
              [
                -169.912101,
                -19.110723
              ],
              [
                -169.91207,
                -19.110634
              ],
              [
                -169.912101,
                -19.110545
              ],
              [
                -169.912133,
                -19.110515
              ],
              [
                -169.912227,
                -19.110366
              ],
              [
                -169.912196,
                -19.110307
              ],
              [
                -169.912227,
                -19.110277
              ],
              [
                -169.912259,
                -19.110217
              ],
              [
                -169.912259,
                -19.110188
              ],
              [
                -169.912322,
                -19.110158
              ],
              [
                -169.912353,
                -19.110128
              ],
              [
                -169.912384,
                -19.110069
              ],
              [
                -169.912384,
                -19.110009
              ],
              [
                -169.912384,
                -19.109979
              ],
              [
                -169.912542,
                -19.109831
              ]
            ]
          ]
        ]
      }
    },
    {
      "type": "Feature",
      "properties": {
        "name": "Hakupu",
        "census_night_population_2022": 180,
        "source_geometry": "https://upload.wikimedia.org/wikipedia/commons/a/a4/Niue_location_map.svg",
        "source_population": "https://niuestatistics.nu/census/population-housing/",
        "processing": "Village boundaries converted from a CC BY-SA location-map SVG to WGS84 using the map's published geographic limits."
      },
      "geometry": {
        "type": "MultiPolygon",
        "coordinates": [
          [
            [
              [
                -169.87669,
                -19.153182
              ],
              [
                -169.875557,
                -19.144197
              ],
              [
                -169.876595,
                -19.123785
              ],
              [
                -169.878293,
                -19.123785
              ],
              [
                -169.878356,
                -19.122149
              ],
              [
                -169.876627,
                -19.122149
              ],
              [
                -169.876658,
                -19.120512
              ],
              [
                -169.878388,
                -19.120512
              ],
              [
                -169.878136,
                -19.116585
              ],
              [
                -169.879551,
                -19.116614
              ],
              [
                -169.873953,
                -19.099803
              ],
              [
                -169.874582,
                -19.092722
              ],
              [
                -169.875966,
                -19.089241
              ],
              [
                -169.874331,
                -19.086979
              ],
              [
                -169.872821,
                -19.082278
              ],
              [
                -169.867789,
                -19.079749
              ],
              [
                -169.86282,
                -19.072995
              ],
              [
                -169.861122,
                -19.070644
              ],
              [
                -169.856939,
                -19.067133
              ],
              [
                -169.843133,
                -19.068621
              ],
              [
                -169.8409,
                -19.078856
              ],
              [
                -169.802721,
                -19.100041
              ],
              [
                -169.804168,
                -19.101023
              ],
              [
                -169.805237,
                -19.101975
              ],
              [
                -169.805803,
                -19.102362
              ],
              [
                -169.807344,
                -19.103909
              ],
              [
                -169.808445,
                -19.105129
              ],
              [
                -169.810237,
                -19.108075
              ],
              [
                -169.811684,
                -19.109652
              ],
              [
                -169.812659,
                -19.110574
              ],
              [
                -169.813602,
                -19.111586
              ],
              [
                -169.815269,
                -19.113074
              ],
              [
                -169.816213,
                -19.113728
              ],
              [
                -169.817439,
                -19.114889
              ],
              [
                -169.81832,
                -19.11593
              ],
              [
                -169.820175,
                -19.117537
              ],
              [
                -169.821779,
                -19.118995
              ],
              [
                -169.823289,
                -19.120096
              ],
              [
                -169.824798,
                -19.120988
              ],
              [
                -169.825962,
                -19.121613
              ],
              [
                -169.826748,
                -19.122506
              ],
              [
                -169.827975,
                -19.123398
              ],
              [
                -169.829044,
                -19.124559
              ],
              [
                -169.830082,
                -19.125481
              ],
              [
                -169.832189,
                -19.128308
              ],
              [
                -169.833007,
                -19.129052
              ],
              [
                -169.833636,
                -19.129796
              ],
              [
                -169.834139,
                -19.130658
              ],
              [
                -169.834956,
                -19.1317
              ],
              [
                -169.835145,
                -19.132087
              ],
              [
                -169.835334,
                -19.132295
              ],
              [
                -169.835585,
                -19.132682
              ],
              [
                -169.835648,
                -19.13295
              ],
              [
                -169.835774,
                -19.133455
              ],
              [
                -169.835963,
                -19.133783
              ],
              [
                -169.836057,
                -19.134199
              ],
              [
                -169.836403,
                -19.134467
              ],
              [
                -169.836497,
                -19.134735
              ],
              [
                -169.836592,
                -19.135122
              ],
              [
                -169.83678,
                -19.135568
              ],
              [
                -169.836906,
                -19.135568
              ],
              [
                -169.836969,
                -19.135657
              ],
              [
                -169.836969,
                -19.135806
              ],
              [
                -169.837032,
                -19.136044
              ],
              [
                -169.837315,
                -19.136461
              ],
              [
                -169.837661,
                -19.136966
              ],
              [
                -169.83807,
                -19.13777
              ],
              [
                -169.838227,
                -19.137829
              ],
              [
                -169.83829,
                -19.137978
              ],
              [
                -169.838259,
                -19.138157
              ],
              [
                -169.838196,
                -19.139019
              ],
              [
                -169.838856,
                -19.140239
              ],
              [
                -169.839862,
                -19.141697
              ],
              [
                -169.840491,
                -19.14256
              ],
              [
                -169.841278,
                -19.143215
              ],
              [
                -169.841592,
                -19.144078
              ],
              [
                -169.84219,
                -19.144792
              ],
              [
                -169.843511,
                -19.145327
              ],
              [
                -169.844202,
                -19.145417
              ],
              [
                -169.846152,
                -19.145327
              ],
              [
                -169.848574,
                -19.145119
              ],
              [
                -169.849423,
                -19.144911
              ],
              [
                -169.851436,
                -19.145268
              ],
              [
                -169.852253,
                -19.145268
              ],
              [
                -169.85304,
                -19.145625
              ],
              [
                -169.853732,
                -19.145774
              ],
              [
                -169.854486,
                -19.146041
              ],
              [
                -169.855336,
                -19.146071
              ],
              [
                -169.856248,
                -19.146131
              ],
              [
                -169.857002,
                -19.146517
              ],
              [
                -169.857663,
                -19.146666
              ],
              [
                -169.858575,
                -19.146785
              ],
              [
                -169.859267,
                -19.147172
              ],
              [
                -169.860179,
                -19.147321
              ],
              [
                -169.860996,
                -19.147589
              ],
              [
                -169.86238,
                -19.147916
              ],
              [
                -169.863324,
                -19.148303
              ],
              [
                -169.864078,
                -19.148362
              ],
              [
                -169.865053,
                -19.148779
              ],
              [
                -169.865777,
                -19.148838
              ],
              [
                -169.867758,
                -19.14988
              ],
              [
                -169.869488,
                -19.150594
              ],
              [
                -169.871217,
                -19.151338
              ],
              [
                -169.872161,
                -19.151516
              ],
              [
                -169.873199,
                -19.15229
              ],
              [
                -169.873891,
                -19.152766
              ],
              [
                -169.875809,
                -19.153182
              ],
              [
                -169.87669,
                -19.153182
              ]
            ]
          ]
        ]
      }
    },
    {
      "type": "Feature",
      "properties": {
        "name": "Hikutavake",
        "census_night_population_2022": 39,
        "source_geometry": "https://upload.wikimedia.org/wikipedia/commons/a/a4/Niue_location_map.svg",
        "source_population": "https://niuestatistics.nu/census/population-housing/",
        "processing": "Village boundaries converted from a CC BY-SA location-map SVG to WGS84 using the map's published geographic limits."
      },
      "geometry": {
        "type": "MultiPolygon",
        "coordinates": [
          [
            [
              [
                -169.866374,
                -18.957668
              ],
              [
                -169.863795,
                -18.966207
              ],
              [
                -169.860619,
                -18.972307
              ],
              [
                -169.860556,
                -18.978257
              ],
              [
                -169.858355,
                -18.980459
              ],
              [
                -169.853669,
                -18.98766
              ],
              [
                -169.853386,
                -18.991349
              ],
              [
                -169.866783,
                -18.997687
              ],
              [
                -169.883577,
                -18.990635
              ],
              [
                -169.883231,
                -18.989147
              ],
              [
                -169.886093,
                -18.982423
              ],
              [
                -169.888766,
                -18.975103
              ],
              [
                -169.892571,
                -18.97192
              ],
              [
                -169.891817,
                -18.971325
              ],
              [
                -169.890873,
                -18.970373
              ],
              [
                -169.888829,
                -18.96829
              ],
              [
                -169.887948,
                -18.967843
              ],
              [
                -169.886753,
                -18.967219
              ],
              [
                -169.88559,
                -18.966594
              ],
              [
                -169.884898,
                -18.966266
              ],
              [
                -169.884678,
                -18.966088
              ],
              [
                -169.884552,
                -18.965969
              ],
              [
                -169.884489,
                -18.96585
              ],
              [
                -169.884395,
                -18.965701
              ],
              [
                -169.884237,
                -18.965582
              ],
              [
                -169.884237,
                -18.965552
              ],
              [
                -169.884174,
                -18.965552
              ],
              [
                -169.884143,
                -18.965582
              ],
              [
                -169.884112,
                -18.965582
              ],
              [
                -169.884112,
                -18.965552
              ],
              [
                -169.884143,
                -18.965523
              ],
              [
                -169.884174,
                -18.965463
              ],
              [
                -169.884174,
                -18.965433
              ],
              [
                -169.884143,
                -18.965433
              ],
              [
                -169.884143,
                -18.965374
              ],
              [
                -169.884174,
                -18.965344
              ],
              [
                -169.884206,
                -18.965344
              ],
              [
                -169.884237,
                -18.965314
              ],
              [
                -169.884206,
                -18.965285
              ],
              [
                -169.884143,
                -18.965285
              ],
              [
                -169.88408,
                -18.965285
              ],
              [
                -169.88408,
                -18.965285
              ],
              [
                -169.88408,
                -18.965285
              ],
              [
                -169.883986,
                -18.965285
              ],
              [
                -169.883954,
                -18.965285
              ],
              [
                -169.88386,
                -18.965285
              ],
              [
                -169.883797,
                -18.965285
              ],
              [
                -169.883797,
                -18.965255
              ],
              [
                -169.883829,
                -18.965166
              ],
              [
                -169.88386,
                -18.965166
              ],
              [
                -169.88386,
                -18.965106
              ],
              [
                -169.883923,
                -18.965047
              ],
              [
                -169.883923,
                -18.964957
              ],
              [
                -169.883923,
                -18.964809
              ],
              [
                -169.883923,
                -18.964809
              ],
              [
                -169.88386,
                -18.964779
              ],
              [
                -169.883766,
                -18.964779
              ],
              [
                -169.883734,
                -18.96469
              ],
              [
                -169.883703,
                -18.964511
              ],
              [
                -169.883703,
                -18.964511
              ],
              [
                -169.883671,
                -18.964481
              ],
              [
                -169.883577,
                -18.964451
              ],
              [
                -169.883577,
                -18.964451
              ],
              [
                -169.883577,
                -18.964451
              ],
              [
                -169.883546,
                -18.964422
              ],
              [
                -169.883514,
                -18.964422
              ],
              [
                -169.883483,
                -18.964392
              ],
              [
                -169.883451,
                -18.964362
              ],
              [
                -169.88342,
                -18.964332
              ],
              [
                -169.88342,
                -18.964094
              ],
              [
                -169.883388,
                -18.964005
              ],
              [
                -169.883388,
                -18.964005
              ],
              [
                -169.883357,
                -18.963946
              ],
              [
                -169.883294,
                -18.963916
              ],
              [
                -169.883262,
                -18.963827
              ],
              [
                -169.883231,
                -18.963767
              ],
              [
                -169.883231,
                -18.963708
              ],
              [
                -169.8832,
                -18.963648
              ],
              [
                -169.883168,
                -18.963618
              ],
              [
                -169.883074,
                -18.963589
              ],
              [
                -169.882979,
                -18.963559
              ],
              [
                -169.882885,
                -18.963559
              ],
              [
                -169.882728,
                -18.96347
              ],
              [
                -169.882696,
                -18.96344
              ],
              [
                -169.882665,
                -18.96338
              ],
              [
                -169.882665,
                -18.963351
              ],
              [
                -169.882633,
                -18.963321
              ],
              [
                -169.882571,
                -18.963321
              ],
              [
                -169.882413,
                -18.963261
              ],
              [
                -169.882256,
                -18.963023
              ],
              [
                -169.882162,
                -18.962964
              ],
              [
                -169.881753,
                -18.962636
              ],
              [
                -169.881376,
                -18.962339
              ],
              [
                -169.881124,
                -18.96222
              ],
              [
                -169.880715,
                -18.962101
              ],
              [
                -169.880463,
                -18.961863
              ],
              [
                -169.880243,
                -18.961655
              ],
              [
                -169.880023,
                -18.961327
              ],
              [
                -169.879551,
                -18.96094
              ],
              [
                -169.878954,
                -18.960702
              ],
              [
                -169.879017,
                -18.960821
              ],
              [
                -169.879237,
                -18.961149
              ],
              [
                -169.879646,
                -18.961506
              ],
              [
                -169.879803,
                -18.961684
              ],
              [
                -169.879709,
                -18.961833
              ],
              [
                -169.879457,
                -18.961833
              ],
              [
                -169.8793,
                -18.961595
              ],
              [
                -169.87908,
                -18.961208
              ],
              [
                -169.878985,
                -18.96094
              ],
              [
                -169.878797,
                -18.960643
              ],
              [
                -169.878577,
                -18.960464
              ],
              [
                -169.878388,
                -18.960316
              ],
              [
                -169.877948,
                -18.960107
              ],
              [
                -169.877004,
                -18.95975
              ],
              [
                -169.876721,
                -18.959631
              ],
              [
                -169.876155,
                -18.959512
              ],
              [
                -169.875872,
                -18.959453
              ],
              [
                -169.875526,
                -18.959304
              ],
              [
                -169.875306,
                -18.959274
              ],
              [
                -169.875054,
                -18.959245
              ],
              [
                -169.874771,
                -18.959274
              ],
              [
                -169.874582,
                -18.959393
              ],
              [
                -169.873953,
                -18.959512
              ],
              [
                -169.873513,
                -18.959453
              ],
              [
                -169.873199,
                -18.959393
              ],
              [
                -169.872821,
                -18.959364
              ],
              [
                -169.872601,
                -18.959245
              ],
              [
                -169.872067,
                -18.959215
              ],
              [
                -169.871909,
                -18.959215
              ],
              [
                -169.871689,
                -18.959006
              ],
              [
                -169.871563,
                -18.958887
              ],
              [
                -169.871438,
                -18.958828
              ],
              [
                -169.871092,
                -18.958858
              ],
              [
                -169.870683,
                -18.958798
              ],
              [
                -169.870368,
                -18.958649
              ],
              [
                -169.869802,
                -18.958411
              ],
              [
                -169.86933,
                -18.958263
              ],
              [
                -169.868859,
                -18.958173
              ],
              [
                -169.868293,
                -18.958114
              ],
              [
                -169.867978,
                -18.957995
              ],
              [
                -169.867758,
                -18.957906
              ],
              [
                -169.867286,
                -18.957757
              ],
              [
                -169.866783,
                -18.957757
              ],
              [
                -169.866374,
                -18.957668
              ]
            ]
          ]
        ]
      }
    },
    {
      "type": "Feature",
      "properties": {
        "name": "Lakepa",
        "census_night_population_2022": 95,
        "source_geometry": "https://upload.wikimedia.org/wikipedia/commons/a/a4/Niue_location_map.svg",
        "source_population": "https://niuestatistics.nu/census/population-housing/",
        "processing": "Village boundaries converted from a CC BY-SA location-map SVG to WGS84 using the map's published geographic limits."
      },
      "geometry": {
        "type": "MultiPolygon",
        "coordinates": [
          [
            [
              [
                -169.793852,
                -19.023216
              ],
              [
                -169.800299,
                -19.025031
              ],
              [
                -169.814389,
                -19.026489
              ],
              [
                -169.828792,
                -19.026221
              ],
              [
                -169.832252,
                -19.026162
              ],
              [
                -169.833321,
                -19.026459
              ],
              [
                -169.839862,
                -19.027858
              ],
              [
                -169.847127,
                -19.022918
              ],
              [
                -169.84697,
                -19.009678
              ],
              [
                -169.834956,
                -18.998371
              ],
              [
                -169.819955,
                -18.989415
              ],
              [
                -169.81269,
                -18.990843
              ],
              [
                -169.802375,
                -18.98641
              ],
              [
                -169.802092,
                -18.987987
              ],
              [
                -169.801557,
                -18.98885
              ],
              [
                -169.800928,
                -18.989624
              ],
              [
                -169.800771,
                -18.991915
              ],
              [
                -169.800519,
                -18.99248
              ],
              [
                -169.79989,
                -18.993849
              ],
              [
                -169.799702,
                -18.995812
              ],
              [
                -169.79879,
                -18.99727
              ],
              [
                -169.798349,
                -18.997746
              ],
              [
                -169.798224,
                -18.998371
              ],
              [
                -169.798192,
                -18.998758
              ],
              [
                -169.797783,
                -19.000246
              ],
              [
                -169.797343,
                -19.000811
              ],
              [
                -169.796997,
                -19.001376
              ],
              [
                -169.796588,
                -19.001734
              ],
              [
                -169.7964,
                -19.002239
              ],
              [
                -169.796148,
                -19.002715
              ],
              [
                -169.795865,
                -19.003043
              ],
              [
                -169.794796,
                -19.005364
              ],
              [
                -169.794733,
                -19.006018
              ],
              [
                -169.794576,
                -19.006702
              ],
              [
                -169.794261,
                -19.007565
              ],
              [
                -169.793003,
                -19.010094
              ],
              [
                -169.792751,
                -19.011493
              ],
              [
                -169.792972,
                -19.013189
              ],
              [
                -169.794481,
                -19.015718
              ],
              [
                -169.794607,
                -19.01667
              ],
              [
                -169.794953,
                -19.017592
              ],
              [
                -169.794764,
                -19.019884
              ],
              [
                -169.794827,
                -19.020925
              ],
              [
                -169.794953,
                -19.021699
              ],
              [
                -169.794261,
                -19.02268
              ],
              [
                -169.793852,
                -19.023216
              ]
            ]
          ]
        ]
      }
    },
    {
      "type": "Feature",
      "properties": {
        "name": "Liku",
        "census_night_population_2022": 74,
        "source_geometry": "https://upload.wikimedia.org/wikipedia/commons/a/a4/Niue_location_map.svg",
        "source_population": "https://niuestatistics.nu/census/population-housing/",
        "processing": "Village boundaries converted from a CC BY-SA location-map SVG to WGS84 using the map's published geographic limits."
      },
      "geometry": {
        "type": "MultiPolygon",
        "coordinates": [
          [
            [
              [
                -169.802721,
                -19.100041
              ],
              [
                -169.8409,
                -19.078856
              ],
              [
                -169.843133,
                -19.068621
              ],
              [
                -169.856939,
                -19.067133
              ],
              [
                -169.855461,
                -19.065229
              ],
              [
                -169.857002,
                -19.061004
              ],
              [
                -169.850807,
                -19.047168
              ],
              [
                -169.832975,
                -19.028512
              ],
              [
                -169.833321,
                -19.026459
              ],
              [
                -169.832252,
                -19.026162
              ],
              [
                -169.828792,
                -19.026221
              ],
              [
                -169.814389,
                -19.026489
              ],
              [
                -169.800299,
                -19.025031
              ],
              [
                -169.793852,
                -19.023216
              ],
              [
                -169.793852,
                -19.02396
              ],
              [
                -169.793601,
                -19.025269
              ],
              [
                -169.79316,
                -19.026102
              ],
              [
                -169.792563,
                -19.027233
              ],
              [
                -169.791714,
                -19.028512
              ],
              [
                -169.791305,
                -19.029107
              ],
              [
                -169.790581,
                -19.030387
              ],
              [
                -169.789701,
                -19.031934
              ],
              [
                -169.789292,
                -19.032678
              ],
              [
                -169.788852,
                -19.033422
              ],
              [
                -169.788789,
                -19.034195
              ],
              [
                -169.78838,
                -19.035653
              ],
              [
                -169.78794,
                -19.036724
              ],
              [
                -169.787594,
                -19.037528
              ],
              [
                -169.787059,
                -19.038629
              ],
              [
                -169.786745,
                -19.039075
              ],
              [
                -169.785958,
                -19.03973
              ],
              [
                -169.785392,
                -19.040414
              ],
              [
                -169.784763,
                -19.040622
              ],
              [
                -169.784543,
                -19.041336
              ],
              [
                -169.783788,
                -19.042497
              ],
              [
                -169.783222,
                -19.043895
              ],
              [
                -169.782719,
                -19.045145
              ],
              [
                -169.782436,
                -19.046038
              ],
              [
                -169.782247,
                -19.046752
              ],
              [
                -169.781618,
                -19.047823
              ],
              [
                -169.781241,
                -19.04815
              ],
              [
                -169.780927,
                -19.048269
              ],
              [
                -169.780801,
                -19.048477
              ],
              [
                -169.780769,
                -19.048745
              ],
              [
                -169.780769,
                -19.048953
              ],
              [
                -169.780675,
                -19.049102
              ],
              [
                -169.780612,
                -19.049519
              ],
              [
                -169.780172,
                -19.050144
              ],
              [
                -169.779606,
                -19.050679
              ],
              [
                -169.778977,
                -19.051096
              ],
              [
                -169.778851,
                -19.051483
              ],
              [
                -169.778033,
                -19.052226
              ],
              [
                -169.777341,
                -19.053149
              ],
              [
                -169.776901,
                -19.053922
              ],
              [
                -169.776429,
                -19.054547
              ],
              [
                -169.775643,
                -19.05544
              ],
              [
                -169.775234,
                -19.055708
              ],
              [
                -169.77514,
                -19.0566
              ],
              [
                -169.774731,
                -19.057671
              ],
              [
                -169.774322,
                -19.058445
              ],
              [
                -169.773882,
                -19.059605
              ],
              [
                -169.774071,
                -19.060736
              ],
              [
                -169.774605,
                -19.062313
              ],
              [
                -169.774794,
                -19.063087
              ],
              [
                -169.77558,
                -19.064069
              ],
              [
                -169.776178,
                -19.065437
              ],
              [
                -169.776838,
                -19.066151
              ],
              [
                -169.777624,
                -19.067401
              ],
              [
                -169.777813,
                -19.068502
              ],
              [
                -169.77775,
                -19.069127
              ],
              [
                -169.77926,
                -19.072162
              ],
              [
                -169.78036,
                -19.073441
              ],
              [
                -169.781713,
                -19.074929
              ],
              [
                -169.782468,
                -19.07597
              ],
              [
                -169.783034,
                -19.077071
              ],
              [
                -169.783442,
                -19.077577
              ],
              [
                -169.783977,
                -19.078261
              ],
              [
                -169.785078,
                -19.079898
              ],
              [
                -169.786147,
                -19.081296
              ],
              [
                -169.786336,
                -19.081624
              ],
              [
                -169.786808,
                -19.08207
              ],
              [
                -169.787374,
                -19.082933
              ],
              [
                -169.787971,
                -19.083439
              ],
              [
                -169.788443,
                -19.08451
              ],
              [
                -169.788852,
                -19.085313
              ],
              [
                -169.789638,
                -19.085968
              ],
              [
                -169.79011,
                -19.086741
              ],
              [
                -169.790707,
                -19.087545
              ],
              [
                -169.79077,
                -19.087574
              ],
              [
                -169.791053,
                -19.087634
              ],
              [
                -169.791777,
                -19.087961
              ],
              [
                -169.791902,
                -19.088467
              ],
              [
                -169.792311,
                -19.08933
              ],
              [
                -169.792374,
                -19.089746
              ],
              [
                -169.792751,
                -19.09049
              ],
              [
                -169.79338,
                -19.092365
              ],
              [
                -169.794513,
                -19.093257
              ],
              [
                -169.795236,
                -19.093912
              ],
              [
                -169.796557,
                -19.095935
              ],
              [
                -169.797186,
                -19.096411
              ],
              [
                -169.798287,
                -19.096917
              ],
              [
                -169.799859,
                -19.098137
              ],
              [
                -169.800205,
                -19.098554
              ],
              [
                -169.801086,
                -19.09906
              ],
              [
                -169.801872,
                -19.099625
              ],
              [
                -169.802721,
                -19.100041
              ]
            ]
          ]
        ]
      }
    },
    {
      "type": "Feature",
      "properties": {
        "name": "Makefu",
        "census_night_population_2022": 73,
        "source_geometry": "https://upload.wikimedia.org/wikipedia/commons/a/a4/Niue_location_map.svg",
        "source_population": "https://niuestatistics.nu/census/population-housing/",
        "processing": "Village boundaries converted from a CC BY-SA location-map SVG to WGS84 using the map's published geographic limits."
      },
      "geometry": {
        "type": "MultiPolygon",
        "coordinates": [
          [
            [
              [
                -169.909586,
                -18.996437
              ],
              [
                -169.908422,
                -18.997211
              ],
              [
                -169.897572,
                -19.003072
              ],
              [
                -169.883042,
                -19.021996
              ],
              [
                -169.86433,
                -19.029792
              ],
              [
                -169.87779,
                -19.039135
              ],
              [
                -169.884741,
                -19.039521
              ],
              [
                -169.898736,
                -19.02997
              ],
              [
                -169.905497,
                -19.027233
              ],
              [
                -169.914586,
                -19.023514
              ],
              [
                -169.920278,
                -19.023127
              ],
              [
                -169.920373,
                -19.022829
              ],
              [
                -169.920467,
                -19.022442
              ],
              [
                -169.920498,
                -19.022175
              ],
              [
                -169.920436,
                -19.021937
              ],
              [
                -169.920341,
                -19.021758
              ],
              [
                -169.920152,
                -19.021431
              ],
              [
                -169.920184,
                -19.021282
              ],
              [
                -169.920341,
                -19.021044
              ],
              [
                -169.92053,
                -19.020776
              ],
              [
                -169.92053,
                -19.020627
              ],
              [
                -169.920624,
                -19.0203
              ],
              [
                -169.920593,
                -19.020151
              ],
              [
                -169.920561,
                -19.019884
              ],
              [
                -169.920624,
                -19.019735
              ],
              [
                -169.920844,
                -19.019556
              ],
              [
                -169.920939,
                -19.019408
              ],
              [
                -169.921002,
                -19.019229
              ],
              [
                -169.921002,
                -19.01908
              ],
              [
                -169.921033,
                -19.018902
              ],
              [
                -169.921096,
                -19.018783
              ],
              [
                -169.921222,
                -19.018604
              ],
              [
                -169.921222,
                -19.018426
              ],
              [
                -169.921316,
                -19.018277
              ],
              [
                -169.921316,
                -19.018128
              ],
              [
                -169.921379,
                -19.018039
              ],
              [
                -169.921442,
                -19.017801
              ],
              [
                -169.921568,
                -19.017503
              ],
              [
                -169.921693,
                -19.017057
              ],
              [
                -169.922071,
                -19.016135
              ],
              [
                -169.922228,
                -19.015688
              ],
              [
                -169.922291,
                -19.015182
              ],
              [
                -169.922322,
                -19.014825
              ],
              [
                -169.922291,
                -19.014677
              ],
              [
                -169.922322,
                -19.014528
              ],
              [
                -169.92248,
                -19.014439
              ],
              [
                -169.922417,
                -19.01423
              ],
              [
                -169.922417,
                -19.014022
              ],
              [
                -169.922543,
                -19.013814
              ],
              [
                -169.922511,
                -19.013576
              ],
              [
                -169.92248,
                -19.013486
              ],
              [
                -169.922291,
                -19.013427
              ],
              [
                -169.922134,
                -19.013397
              ],
              [
                -169.922071,
                -19.013278
              ],
              [
                -169.922102,
                -19.013189
              ],
              [
                -169.922385,
                -19.012802
              ],
              [
                -169.922385,
                -19.012594
              ],
              [
                -169.922228,
                -19.012326
              ],
              [
                -169.922134,
                -19.012177
              ],
              [
                -169.922008,
                -19.012028
              ],
              [
                -169.921914,
                -19.01188
              ],
              [
                -169.921725,
                -19.011493
              ],
              [
                -169.921442,
                -19.011195
              ],
              [
                -169.921379,
                -19.010928
              ],
              [
                -169.92119,
                -19.0106
              ],
              [
                -169.921096,
                -19.010481
              ],
              [
                -169.920939,
                -19.009975
              ],
              [
                -169.920939,
                -19.009678
              ],
              [
                -169.920813,
                -19.009529
              ],
              [
                -169.920719,
                -19.00944
              ],
              [
                -169.920719,
                -19.009291
              ],
              [
                -169.920781,
                -19.009142
              ],
              [
                -169.92075,
                -19.009053
              ],
              [
                -169.920719,
                -19.008875
              ],
              [
                -169.920719,
                -19.008607
              ],
              [
                -169.920687,
                -19.008279
              ],
              [
                -169.920561,
                -19.007863
              ],
              [
                -169.920278,
                -19.007357
              ],
              [
                -169.919964,
                -19.007238
              ],
              [
                -169.919807,
                -19.00706
              ],
              [
                -169.919744,
                -19.006911
              ],
              [
                -169.919649,
                -19.006762
              ],
              [
                -169.919523,
                -19.006583
              ],
              [
                -169.919335,
                -19.006375
              ],
              [
                -169.919115,
                -19.006316
              ],
              [
                -169.918894,
                -19.005988
              ],
              [
                -169.918863,
                -19.00575
              ],
              [
                -169.918674,
                -19.005483
              ],
              [
                -169.918391,
                -19.005393
              ],
              [
                -169.918203,
                -19.005304
              ],
              [
                -169.918077,
                -19.005155
              ],
              [
                -169.91792,
                -19.005036
              ],
              [
                -169.917102,
                -19.004025
              ],
              [
                -169.916913,
                -19.003697
              ],
              [
                -169.91663,
                -19.003519
              ],
              [
                -169.916253,
                -19.003043
              ],
              [
                -169.91619,
                -19.002894
              ],
              [
                -169.916064,
                -19.002805
              ],
              [
                -169.91597,
                -19.002596
              ],
              [
                -169.915907,
                -19.002448
              ],
              [
                -169.915624,
                -19.002269
              ],
              [
                -169.915561,
                -19.002269
              ],
              [
                -169.9149,
                -19.00221
              ],
              [
                -169.914743,
                -19.002031
              ],
              [
                -169.91468,
                -19.001882
              ],
              [
                -169.914554,
                -19.001734
              ],
              [
                -169.914523,
                -19.001644
              ],
              [
                -169.914492,
                -19.001436
              ],
              [
                -169.91446,
                -19.001287
              ],
              [
                -169.914366,
                -19.001228
              ],
              [
                -169.914146,
                -19.001287
              ],
              [
                -169.91402,
                -19.001228
              ],
              [
                -169.913926,
                -19.001198
              ],
              [
                -169.913863,
                -19.001138
              ],
              [
                -169.913926,
                -19.00093
              ],
              [
                -169.913768,
                -19.000692
              ],
              [
                -169.913737,
                -19.000514
              ],
              [
                -169.91358,
                -19.000305
              ],
              [
                -169.91358,
                -19.000127
              ],
              [
                -169.913422,
                -19.000067
              ],
              [
                -169.913202,
                -18.999799
              ],
              [
                -169.913076,
                -18.99971
              ],
              [
                -169.912919,
                -18.99968
              ],
              [
                -169.91273,
                -18.99971
              ],
              [
                -169.912479,
                -18.999651
              ],
              [
                -169.912353,
                -18.999442
              ],
              [
                -169.912227,
                -18.999323
              ],
              [
                -169.912196,
                -18.999294
              ],
              [
                -169.912039,
                -18.999115
              ],
              [
                -169.91185,
                -18.998877
              ],
              [
                -169.911818,
                -18.998788
              ],
              [
                -169.91163,
                -18.99849
              ],
              [
                -169.91141,
                -18.998252
              ],
              [
                -169.911064,
                -18.997984
              ],
              [
                -169.910781,
                -18.997568
              ],
              [
                -169.910309,
                -18.996973
              ],
              [
                -169.910057,
                -18.996943
              ],
              [
                -169.909711,
                -18.996794
              ],
              [
                -169.90968,
                -18.996705
              ],
              [
                -169.909586,
                -18.996437
              ]
            ]
          ]
        ]
      }
    },
    {
      "type": "Feature",
      "properties": {
        "name": "Mutalau",
        "census_night_population_2022": 77,
        "source_geometry": "https://upload.wikimedia.org/wikipedia/commons/a/a4/Niue_location_map.svg",
        "source_population": "https://niuestatistics.nu/census/population-housing/",
        "processing": "Village boundaries converted from a CC BY-SA location-map SVG to WGS84 using the map's published geographic limits."
      },
      "geometry": {
        "type": "MultiPolygon",
        "coordinates": [
          [
            [
              [
                -169.802375,
                -18.98641
              ],
              [
                -169.81269,
                -18.990843
              ],
              [
                -169.819955,
                -18.989415
              ],
              [
                -169.834956,
                -18.998371
              ],
              [
                -169.84697,
                -19.009678
              ],
              [
                -169.847127,
                -19.022918
              ],
              [
                -169.847505,
                -19.029286
              ],
              [
                -169.857506,
                -19.026638
              ],
              [
                -169.855619,
                -19.017652
              ],
              [
                -169.866783,
                -18.997687
              ],
              [
                -169.853386,
                -18.991349
              ],
              [
                -169.853669,
                -18.98766
              ],
              [
                -169.84068,
                -18.972188
              ],
              [
                -169.839674,
                -18.963529
              ],
              [
                -169.842001,
                -18.953115
              ],
              [
                -169.841403,
                -18.953115
              ],
              [
                -169.840932,
                -18.953175
              ],
              [
                -169.840397,
                -18.953413
              ],
              [
                -169.839894,
                -18.953651
              ],
              [
                -169.839485,
                -18.953829
              ],
              [
                -169.838919,
                -18.953948
              ],
              [
                -169.838196,
                -18.953829
              ],
              [
                -169.837472,
                -18.953978
              ],
              [
                -169.837063,
                -18.954157
              ],
              [
                -169.835145,
                -18.954811
              ],
              [
                -169.834516,
                -18.955049
              ],
              [
                -169.833887,
                -18.955228
              ],
              [
                -169.833352,
                -18.955317
              ],
              [
                -169.832818,
                -18.955347
              ],
              [
                -169.83244,
                -18.955406
              ],
              [
                -169.83222,
                -18.955763
              ],
              [
                -169.832,
                -18.955972
              ],
              [
                -169.83178,
                -18.955972
              ],
              [
                -169.831403,
                -18.956091
              ],
              [
                -169.830679,
                -18.956091
              ],
              [
                -169.830333,
                -18.956061
              ],
              [
                -169.829767,
                -18.95612
              ],
              [
                -169.829421,
                -18.95618
              ],
              [
                -169.829044,
                -18.95618
              ],
              [
                -169.828572,
                -18.956299
              ],
              [
                -169.828195,
                -18.956448
              ],
              [
                -169.828006,
                -18.956537
              ],
              [
                -169.827503,
                -18.956686
              ],
              [
                -169.827126,
                -18.956834
              ],
              [
                -169.826308,
                -18.956983
              ],
              [
                -169.825553,
                -18.957072
              ],
              [
                -169.825081,
                -18.957102
              ],
              [
                -169.823792,
                -18.957251
              ],
              [
                -169.822345,
                -18.95737
              ],
              [
                -169.821653,
                -18.957429
              ],
              [
                -169.820804,
                -18.9574
              ],
              [
                -169.819924,
                -18.957519
              ],
              [
                -169.819169,
                -18.957608
              ],
              [
                -169.818729,
                -18.957757
              ],
              [
                -169.818162,
                -18.957935
              ],
              [
                -169.817282,
                -18.958322
              ],
              [
                -169.816653,
                -18.95862
              ],
              [
                -169.815615,
                -18.959006
              ],
              [
                -169.814672,
                -18.959364
              ],
              [
                -169.813445,
                -18.95981
              ],
              [
                -169.812093,
                -18.960226
              ],
              [
                -169.810866,
                -18.960554
              ],
              [
                -169.810457,
                -18.960911
              ],
              [
                -169.809671,
                -18.961625
              ],
              [
                -169.809231,
                -18.962041
              ],
              [
                -169.808413,
                -18.962517
              ],
              [
                -169.807596,
                -18.962994
              ],
              [
                -169.807596,
                -18.963797
              ],
              [
                -169.806715,
                -18.964362
              ],
              [
                -169.805897,
                -18.96463
              ],
              [
                -169.805268,
                -18.965701
              ],
              [
                -169.804985,
                -18.966266
              ],
              [
                -169.804451,
                -18.967427
              ],
              [
                -169.804136,
                -18.968171
              ],
              [
                -169.803664,
                -18.969748
              ],
              [
                -169.803004,
                -18.971414
              ],
              [
                -169.802658,
                -18.972783
              ],
              [
                -169.802218,
                -18.974419
              ],
              [
                -169.80206,
                -18.976145
              ],
              [
                -169.80206,
                -18.979448
              ],
              [
                -169.802029,
                -18.980787
              ],
              [
                -169.801746,
                -18.982066
              ],
              [
                -169.802186,
                -18.982721
              ],
              [
                -169.802627,
                -18.983078
              ],
              [
                -169.802689,
                -18.985279
              ],
              [
                -169.802469,
                -18.985755
              ],
              [
                -169.802375,
                -18.98641
              ]
            ]
          ]
        ]
      }
    },
    {
      "type": "Feature",
      "properties": {
        "name": "Namukulu",
        "census_night_population_2022": 9,
        "source_geometry": "https://upload.wikimedia.org/wikipedia/commons/a/a4/Niue_location_map.svg",
        "source_population": "https://niuestatistics.nu/census/population-housing/",
        "processing": "Village boundaries converted from a CC BY-SA location-map SVG to WGS84 using the map's published geographic limits."
      },
      "geometry": {
        "type": "MultiPolygon",
        "coordinates": [
          [
            [
              [
                -169.898987,
                -18.981441
              ],
              [
                -169.898956,
                -18.981263
              ],
              [
                -169.898893,
                -18.981233
              ],
              [
                -169.898798,
                -18.981025
              ],
              [
                -169.898798,
                -18.980906
              ],
              [
                -169.898798,
                -18.980757
              ],
              [
                -169.89861,
                -18.980638
              ],
              [
                -169.898578,
                -18.980578
              ],
              [
                -169.898547,
                -18.980489
              ],
              [
                -169.898547,
                -18.980429
              ],
              [
                -169.898578,
                -18.98037
              ],
              [
                -169.898641,
                -18.980281
              ],
              [
                -169.898736,
                -18.980251
              ],
              [
                -169.898767,
                -18.980251
              ],
              [
                -169.898767,
                -18.980191
              ],
              [
                -169.898736,
                -18.980162
              ],
              [
                -169.898673,
                -18.980132
              ],
              [
                -169.898641,
                -18.980132
              ],
              [
                -169.89861,
                -18.980221
              ],
              [
                -169.898578,
                -18.980221
              ],
              [
                -169.898452,
                -18.980162
              ],
              [
                -169.898358,
                -18.980191
              ],
              [
                -169.898295,
                -18.980162
              ],
              [
                -169.898295,
                -18.980043
              ],
              [
                -169.898201,
                -18.980013
              ],
              [
                -169.898169,
                -18.979924
              ],
              [
                -169.898264,
                -18.979864
              ],
              [
                -169.898327,
                -18.979775
              ],
              [
                -169.898327,
                -18.979626
              ],
              [
                -169.898295,
                -18.979507
              ],
              [
                -169.898264,
                -18.979448
              ],
              [
                -169.898201,
                -18.979388
              ],
              [
                -169.898138,
                -18.979388
              ],
              [
                -169.898107,
                -18.979358
              ],
              [
                -169.898138,
                -18.979299
              ],
              [
                -169.898075,
                -18.979239
              ],
              [
                -169.897886,
                -18.97921
              ],
              [
                -169.897855,
                -18.979091
              ],
              [
                -169.897855,
                -18.978942
              ],
              [
                -169.897792,
                -18.978823
              ],
              [
                -169.897635,
                -18.978704
              ],
              [
                -169.897446,
                -18.978406
              ],
              [
                -169.897478,
                -18.978049
              ],
              [
                -169.897478,
                -18.97796
              ],
              [
                -169.897446,
                -18.977752
              ],
              [
                -169.897415,
                -18.977662
              ],
              [
                -169.89732,
                -18.977603
              ],
              [
                -169.897132,
                -18.977484
              ],
              [
                -169.897006,
                -18.977335
              ],
              [
                -169.897037,
                -18.977216
              ],
              [
                -169.89688,
                -18.977038
              ],
              [
                -169.896786,
                -18.976948
              ],
              [
                -169.896691,
                -18.976799
              ],
              [
                -169.89666,
                -18.97677
              ],
              [
                -169.896534,
                -18.97674
              ],
              [
                -169.896408,
                -18.976591
              ],
              [
                -169.896282,
                -18.976502
              ],
              [
                -169.896282,
                -18.976323
              ],
              [
                -169.89622,
                -18.976175
              ],
              [
                -169.896188,
                -18.976115
              ],
              [
                -169.896125,
                -18.976175
              ],
              [
                -169.896031,
                -18.976294
              ],
              [
                -169.895999,
                -18.976323
              ],
              [
                -169.895968,
                -18.976175
              ],
              [
                -169.895874,
                -18.976085
              ],
              [
                -169.895716,
                -18.976056
              ],
              [
                -169.895622,
                -18.976145
              ],
              [
                -169.895528,
                -18.976294
              ],
              [
                -169.895496,
                -18.976294
              ],
              [
                -169.895402,
                -18.976264
              ],
              [
                -169.895559,
                -18.975996
              ],
              [
                -169.895528,
                -18.975907
              ],
              [
                -169.895402,
                -18.975847
              ],
              [
                -169.895182,
                -18.975996
              ],
              [
                -169.895024,
                -18.975937
              ],
              [
                -169.895024,
                -18.975847
              ],
              [
                -169.894993,
                -18.975758
              ],
              [
                -169.894993,
                -18.975609
              ],
              [
                -169.895024,
                -18.975461
              ],
              [
                -169.894962,
                -18.975312
              ],
              [
                -169.894836,
                -18.975193
              ],
              [
                -169.894836,
                -18.975014
              ],
              [
                -169.895056,
                -18.974955
              ],
              [
                -169.89515,
                -18.975103
              ],
              [
                -169.895276,
                -18.975252
              ],
              [
                -169.895433,
                -18.975252
              ],
              [
                -169.895528,
                -18.975133
              ],
              [
                -169.895402,
                -18.974776
              ],
              [
                -169.895213,
                -18.974627
              ],
              [
                -169.89493,
                -18.974538
              ],
              [
                -169.894867,
                -18.974389
              ],
              [
                -169.894804,
                -18.97427
              ],
              [
                -169.894773,
                -18.974211
              ],
              [
                -169.894741,
                -18.974151
              ],
              [
                -169.894584,
                -18.974241
              ],
              [
                -169.89449,
                -18.97427
              ],
              [
                -169.894427,
                -18.974211
              ],
              [
                -169.894427,
                -18.974122
              ],
              [
                -169.894521,
                -18.974032
              ],
              [
                -169.894521,
                -18.973973
              ],
              [
                -169.894427,
                -18.973854
              ],
              [
                -169.894301,
                -18.973408
              ],
              [
                -169.894175,
                -18.973288
              ],
              [
                -169.894175,
                -18.97314
              ],
              [
                -169.893924,
                -18.97311
              ],
              [
                -169.893232,
                -18.972396
              ],
              [
                -169.892571,
                -18.97192
              ],
              [
                -169.888766,
                -18.975103
              ],
              [
                -169.886093,
                -18.982423
              ],
              [
                -169.883231,
                -18.989147
              ],
              [
                -169.883577,
                -18.990635
              ],
              [
                -169.890559,
                -18.988552
              ],
              [
                -169.893987,
                -18.983375
              ],
              [
                -169.898987,
                -18.981441
              ]
            ]
          ]
        ]
      }
    },
    {
      "type": "Feature",
      "properties": {
        "name": "Tamakautoga",
        "census_night_population_2022": 180,
        "source_geometry": "https://upload.wikimedia.org/wikipedia/commons/a/a4/Niue_location_map.svg",
        "source_population": "https://niuestatistics.nu/census/population-housing/",
        "processing": "Village boundaries converted from a CC BY-SA location-map SVG to WGS84 using the map's published geographic limits."
      },
      "geometry": {
        "type": "MultiPolygon",
        "coordinates": [
          [
            [
              [
                -169.944683,
                -19.079332
              ],
              [
                -169.941318,
                -19.078142
              ],
              [
                -169.936538,
                -19.081207
              ],
              [
                -169.932732,
                -19.081475
              ],
              [
                -169.929273,
                -19.08085
              ],
              [
                -169.928518,
                -19.081118
              ],
              [
                -169.926159,
                -19.08085
              ],
              [
                -169.922385,
                -19.079243
              ],
              [
                -169.912762,
                -19.080969
              ],
              [
                -169.911976,
                -19.079332
              ],
              [
                -169.912322,
                -19.078618
              ],
              [
                -169.911724,
                -19.078291
              ],
              [
                -169.911535,
                -19.078797
              ],
              [
                -169.910435,
                -19.079362
              ],
              [
                -169.909019,
                -19.078618
              ],
              [
                -169.908296,
                -19.078827
              ],
              [
                -169.906849,
                -19.080552
              ],
              [
                -169.905466,
                -19.079928
              ],
              [
                -169.903484,
                -19.080136
              ],
              [
                -169.892005,
                -19.083111
              ],
              [
                -169.88452,
                -19.086444
              ],
              [
                -169.878231,
                -19.092097
              ],
              [
                -169.887068,
                -19.098792
              ],
              [
                -169.896345,
                -19.101916
              ],
              [
                -169.90622,
                -19.106082
              ],
              [
                -169.912542,
                -19.109831
              ],
              [
                -169.912793,
                -19.109176
              ],
              [
                -169.912888,
                -19.108462
              ],
              [
                -169.913265,
                -19.108075
              ],
              [
                -169.913642,
                -19.107569
              ],
              [
                -169.913926,
                -19.106885
              ],
              [
                -169.914271,
                -19.106379
              ],
              [
                -169.914712,
                -19.105814
              ],
              [
                -169.915026,
                -19.105516
              ],
              [
                -169.915152,
                -19.105457
              ],
              [
                -169.915215,
                -19.105159
              ],
              [
                -169.915624,
                -19.104832
              ],
              [
                -169.916001,
                -19.104237
              ],
              [
                -169.916347,
                -19.103939
              ],
              [
                -169.916567,
                -19.103731
              ],
              [
                -169.91707,
                -19.103523
              ],
              [
                -169.917196,
                -19.103374
              ],
              [
                -169.917102,
                -19.103255
              ],
              [
                -169.917259,
                -19.103106
              ],
              [
                -169.917322,
                -19.103106
              ],
              [
                -169.917731,
                -19.1026
              ],
              [
                -169.91814,
                -19.102362
              ],
              [
                -169.918706,
                -19.101797
              ],
              [
                -169.919303,
                -19.101113
              ],
              [
                -169.919586,
                -19.100875
              ],
              [
                -169.919712,
                -19.100666
              ],
              [
                -169.919838,
                -19.100636
              ],
              [
                -169.92053,
                -19.10019
              ],
              [
                -169.92141,
                -19.099774
              ],
              [
                -169.922039,
                -19.098792
              ],
              [
                -169.922511,
                -19.098375
              ],
              [
                -169.922951,
                -19.098256
              ],
              [
                -169.923077,
                -19.098018
              ],
              [
                -169.923297,
                -19.097542
              ],
              [
                -169.923455,
                -19.097512
              ],
              [
                -169.923832,
                -19.097364
              ],
              [
                -169.924776,
                -19.097036
              ],
              [
                -169.924933,
                -19.096917
              ],
              [
                -169.925813,
                -19.096084
              ],
              [
                -169.926128,
                -19.095965
              ],
              [
                -169.928078,
                -19.094269
              ],
              [
                -169.928958,
                -19.093585
              ],
              [
                -169.930657,
                -19.092395
              ],
              [
                -169.932198,
                -19.091383
              ],
              [
                -169.933015,
                -19.090847
              ],
              [
                -169.93399,
                -19.090252
              ],
              [
                -169.934713,
                -19.089955
              ],
              [
                -169.935626,
                -19.08933
              ],
              [
                -169.935909,
                -19.0893
              ],
              [
                -169.936192,
                -19.089003
              ],
              [
                -169.936852,
                -19.088616
              ],
              [
                -169.937324,
                -19.088169
              ],
              [
                -169.937858,
                -19.087931
              ],
              [
                -169.938928,
                -19.087247
              ],
              [
                -169.939211,
                -19.086622
              ],
              [
                -169.940091,
                -19.0857
              ],
              [
                -169.94072,
                -19.084748
              ],
              [
                -169.941381,
                -19.083855
              ],
              [
                -169.942167,
                -19.082992
              ],
              [
                -169.942356,
                -19.082962
              ],
              [
                -169.942639,
                -19.082903
              ],
              [
                -169.942985,
                -19.082308
              ],
              [
                -169.943048,
                -19.081891
              ],
              [
                -169.943142,
                -19.081594
              ],
              [
                -169.943173,
                -19.081653
              ],
              [
                -169.943268,
                -19.081564
              ],
              [
                -169.943362,
                -19.081505
              ],
              [
                -169.943456,
                -19.081445
              ],
              [
                -169.943488,
                -19.081445
              ],
              [
                -169.943582,
                -19.081415
              ],
              [
                -169.943614,
                -19.081386
              ],
              [
                -169.943645,
                -19.081326
              ],
              [
                -169.943677,
                -19.081296
              ],
              [
                -169.943834,
                -19.080969
              ],
              [
                -169.943928,
                -19.080731
              ],
              [
                -169.944211,
                -19.080493
              ],
              [
                -169.944463,
                -19.079987
              ],
              [
                -169.944463,
                -19.07966
              ],
              [
                -169.944683,
                -19.079332
              ]
            ]
          ]
        ]
      }
    },
    {
      "type": "Feature",
      "properties": {
        "name": "Toi",
        "census_night_population_2022": 32,
        "source_geometry": "https://upload.wikimedia.org/wikipedia/commons/a/a4/Niue_location_map.svg",
        "source_population": "https://niuestatistics.nu/census/population-housing/",
        "processing": "Village boundaries converted from a CC BY-SA location-map SVG to WGS84 using the map's published geographic limits."
      },
      "geometry": {
        "type": "MultiPolygon",
        "coordinates": [
          [
            [
              [
                -169.842001,
                -18.953115
              ],
              [
                -169.839674,
                -18.963529
              ],
              [
                -169.84068,
                -18.972188
              ],
              [
                -169.853669,
                -18.98766
              ],
              [
                -169.858355,
                -18.980459
              ],
              [
                -169.860556,
                -18.978257
              ],
              [
                -169.860619,
                -18.972307
              ],
              [
                -169.863795,
                -18.966207
              ],
              [
                -169.866374,
                -18.957668
              ],
              [
                -169.866248,
                -18.957638
              ],
              [
                -169.865588,
                -18.957578
              ],
              [
                -169.86499,
                -18.957549
              ],
              [
                -169.864582,
                -18.957429
              ],
              [
                -169.863921,
                -18.957281
              ],
              [
                -169.863544,
                -18.956983
              ],
              [
                -169.863324,
                -18.956864
              ],
              [
                -169.8626,
                -18.956745
              ],
              [
                -169.86194,
                -18.956596
              ],
              [
                -169.861657,
                -18.956656
              ],
              [
                -169.861374,
                -18.956686
              ],
              [
                -169.861059,
                -18.956537
              ],
              [
                -169.860493,
                -18.956239
              ],
              [
                -169.860242,
                -18.956239
              ],
              [
                -169.859927,
                -18.956329
              ],
              [
                -169.859676,
                -18.956418
              ],
              [
                -169.859518,
                -18.956418
              ],
              [
                -169.859267,
                -18.956448
              ],
              [
                -169.859015,
                -18.956418
              ],
              [
                -169.858858,
                -18.956418
              ],
              [
                -169.858449,
                -18.956269
              ],
              [
                -169.858197,
                -18.955912
              ],
              [
                -169.858197,
                -18.955882
              ],
              [
                -169.857851,
                -18.955585
              ],
              [
                -169.85738,
                -18.955406
              ],
              [
                -169.856656,
                -18.955257
              ],
              [
                -169.856216,
                -18.95496
              ],
              [
                -169.855964,
                -18.954841
              ],
              [
                -169.855713,
                -18.954692
              ],
              [
                -169.855367,
                -18.954543
              ],
              [
                -169.854864,
                -18.954365
              ],
              [
                -169.854549,
                -18.954246
              ],
              [
                -169.854298,
                -18.954186
              ],
              [
                -169.854015,
                -18.954127
              ],
              [
                -169.85326,
                -18.953918
              ],
              [
                -169.852631,
                -18.95368
              ],
              [
                -169.852065,
                -18.953472
              ],
              [
                -169.851436,
                -18.953323
              ],
              [
                -169.850429,
                -18.952996
              ],
              [
                -169.850115,
                -18.952907
              ],
              [
                -169.849675,
                -18.952758
              ],
              [
                -169.849392,
                -18.952758
              ],
              [
                -169.849109,
                -18.952758
              ],
              [
                -169.848511,
                -18.952877
              ],
              [
                -169.847945,
                -18.952907
              ],
              [
                -169.847693,
                -18.952937
              ],
              [
                -169.847442,
                -18.952847
              ],
              [
                -169.847033,
                -18.952699
              ],
              [
                -169.846687,
                -18.95252
              ],
              [
                -169.845743,
                -18.952669
              ],
              [
                -169.844894,
                -18.952818
              ],
              [
                -169.844391,
                -18.952937
              ],
              [
                -169.843479,
                -18.953115
              ],
              [
                -169.843165,
                -18.953175
              ],
              [
                -169.842567,
                -18.953175
              ],
              [
                -169.842001,
                -18.953115
              ]
            ]
          ]
        ]
      }
    },
    {
      "type": "Feature",
      "properties": {
        "name": "Tuapa",
        "census_night_population_2022": 103,
        "source_geometry": "https://upload.wikimedia.org/wikipedia/commons/a/a4/Niue_location_map.svg",
        "source_population": "https://niuestatistics.nu/census/population-housing/",
        "processing": "Village boundaries converted from a CC BY-SA location-map SVG to WGS84 using the map's published geographic limits."
      },
      "geometry": {
        "type": "MultiPolygon",
        "coordinates": [
          [
            [
              [
                -169.909586,
                -18.996437
              ],
              [
                -169.909554,
                -18.996259
              ],
              [
                -169.909617,
                -18.996229
              ],
              [
                -169.909648,
                -18.99611
              ],
              [
                -169.909648,
                -18.995961
              ],
              [
                -169.909586,
                -18.995872
              ],
              [
                -169.909523,
                -18.995783
              ],
              [
                -169.909428,
                -18.995753
              ],
              [
                -169.909271,
                -18.995693
              ],
              [
                -169.909114,
                -18.995664
              ],
              [
                -169.909019,
                -18.995664
              ],
              [
                -169.908579,
                -18.995753
              ],
              [
                -169.908453,
                -18.995693
              ],
              [
                -169.908453,
                -18.995574
              ],
              [
                -169.908422,
                -18.995485
              ],
              [
                -169.908328,
                -18.995366
              ],
              [
                -169.908296,
                -18.995307
              ],
              [
                -169.908202,
                -18.995188
              ],
              [
                -169.908076,
                -18.995128
              ],
              [
                -169.907982,
                -18.995128
              ],
              [
                -169.907793,
                -18.995069
              ],
              [
                -169.907699,
                -18.995009
              ],
              [
                -169.907667,
                -18.99486
              ],
              [
                -169.907667,
                -18.994801
              ],
              [
                -169.907604,
                -18.994682
              ],
              [
                -169.907604,
                -18.994563
              ],
              [
                -169.907541,
                -18.994503
              ],
              [
                -169.907416,
                -18.994503
              ],
              [
                -169.907227,
                -18.994473
              ],
              [
                -169.907132,
                -18.994384
              ],
              [
                -169.907101,
                -18.994295
              ],
              [
                -169.907038,
                -18.994027
              ],
              [
                -169.906975,
                -18.993789
              ],
              [
                -169.906912,
                -18.99373
              ],
              [
                -169.906787,
                -18.993581
              ],
              [
                -169.906661,
                -18.993581
              ],
              [
                -169.906503,
                -18.993581
              ],
              [
                -169.906283,
                -18.993521
              ],
              [
                -169.906126,
                -18.993581
              ],
              [
                -169.905812,
                -18.993581
              ],
              [
                -169.905749,
                -18.993432
              ],
              [
                -169.905812,
                -18.993373
              ],
              [
                -169.906,
                -18.993254
              ],
              [
                -169.906126,
                -18.993075
              ],
              [
                -169.906158,
                -18.992956
              ],
              [
                -169.906063,
                -18.992807
              ],
              [
                -169.905874,
                -18.992748
              ],
              [
                -169.905686,
                -18.992777
              ],
              [
                -169.905466,
                -18.992837
              ],
              [
                -169.90534,
                -18.992718
              ],
              [
                -169.905403,
                -18.99251
              ],
              [
                -169.905403,
                -18.99242
              ],
              [
                -169.90534,
                -18.992331
              ],
              [
                -169.905151,
                -18.992242
              ],
              [
                -169.90512,
                -18.992153
              ],
              [
                -169.905214,
                -18.992034
              ],
              [
                -169.905308,
                -18.991855
              ],
              [
                -169.905277,
                -18.991766
              ],
              [
                -169.905151,
                -18.991736
              ],
              [
                -169.904994,
                -18.991825
              ],
              [
                -169.904837,
                -18.991796
              ],
              [
                -169.904742,
                -18.991706
              ],
              [
                -169.904837,
                -18.991617
              ],
              [
                -169.904931,
                -18.991498
              ],
              [
                -169.9049,
                -18.99126
              ],
              [
                -169.9049,
                -18.991111
              ],
              [
                -169.904774,
                -18.991082
              ],
              [
                -169.904396,
                -18.991201
              ],
              [
                -169.904176,
                -18.99129
              ],
              [
                -169.904019,
                -18.99126
              ],
              [
                -169.903988,
                -18.991111
              ],
              [
                -169.903925,
                -18.990992
              ],
              [
                -169.903925,
                -18.990814
              ],
              [
                -169.903893,
                -18.990486
              ],
              [
                -169.903799,
                -18.990397
              ],
              [
                -169.903547,
                -18.990338
              ],
              [
                -169.903327,
                -18.990219
              ],
              [
                -169.903264,
                -18.99007
              ],
              [
                -169.903296,
                -18.989832
              ],
              [
                -169.903327,
                -18.989594
              ],
              [
                -169.903201,
                -18.989415
              ],
              [
                -169.903044,
                -18.989177
              ],
              [
                -169.902918,
                -18.989118
              ],
              [
                -169.902761,
                -18.989028
              ],
              [
                -169.902698,
                -18.988939
              ],
              [
                -169.90273,
                -18.98882
              ],
              [
                -169.90273,
                -18.988701
              ],
              [
                -169.902761,
                -18.988582
              ],
              [
                -169.902761,
                -18.988463
              ],
              [
                -169.902698,
                -18.988404
              ],
              [
                -169.902541,
                -18.988374
              ],
              [
                -169.902352,
                -18.988374
              ],
              [
                -169.902101,
                -18.988344
              ],
              [
                -169.902006,
                -18.988285
              ],
              [
                -169.901975,
                -18.988225
              ],
              [
                -169.902101,
                -18.988136
              ],
              [
                -169.902163,
                -18.987987
              ],
              [
                -169.902258,
                -18.987928
              ],
              [
                -169.902258,
                -18.987809
              ],
              [
                -169.902101,
                -18.987719
              ],
              [
                -169.902038,
                -18.98763
              ],
              [
                -169.902038,
                -18.987481
              ],
              [
                -169.902006,
                -18.987451
              ],
              [
                -169.901943,
                -18.987481
              ],
              [
                -169.901912,
                -18.987481
              ],
              [
                -169.90188,
                -18.987303
              ],
              [
                -169.901818,
                -18.987273
              ],
              [
                -169.901755,
                -18.987273
              ],
              [
                -169.901566,
                -18.987065
              ],
              [
                -169.90144,
                -18.986916
              ],
              [
                -169.901409,
                -18.986797
              ],
              [
                -169.901283,
                -18.986618
              ],
              [
                -169.901031,
                -18.986291
              ],
              [
                -169.900906,
                -18.986202
              ],
              [
                -169.900874,
                -18.986113
              ],
              [
                -169.90078,
                -18.986083
              ],
              [
                -169.900622,
                -18.986083
              ],
              [
                -169.900622,
                -18.986023
              ],
              [
                -169.900654,
                -18.985934
              ],
              [
                -169.900654,
                -18.985815
              ],
              [
                -169.900654,
                -18.985607
              ],
              [
                -169.900591,
                -18.985488
              ],
              [
                -169.900465,
                -18.985428
              ],
              [
                -169.900277,
                -18.985428
              ],
              [
                -169.900151,
                -18.985488
              ],
              [
                -169.899899,
                -18.98525
              ],
              [
                -169.899899,
                -18.98516
              ],
              [
                -169.900025,
                -18.984803
              ],
              [
                -169.900214,
                -18.984625
              ],
              [
                -169.900308,
                -18.984387
              ],
              [
                -169.900371,
                -18.984179
              ],
              [
                -169.900245,
                -18.983732
              ],
              [
                -169.899962,
                -18.983643
              ],
              [
                -169.899616,
                -18.983613
              ],
              [
                -169.899522,
                -18.983435
              ],
              [
                -169.899553,
                -18.983316
              ],
              [
                -169.899553,
                -18.983137
              ],
              [
                -169.89949,
                -18.983018
              ],
              [
                -169.899427,
                -18.982988
              ],
              [
                -169.899396,
                -18.982929
              ],
              [
                -169.899396,
                -18.982721
              ],
              [
                -169.899459,
                -18.982572
              ],
              [
                -169.899648,
                -18.982245
              ],
              [
                -169.899648,
                -18.982036
              ],
              [
                -169.899522,
                -18.981798
              ],
              [
                -169.899144,
                -18.981649
              ],
              [
                -169.899019,
                -18.98153
              ],
              [
                -169.898987,
                -18.981441
              ],
              [
                -169.893987,
                -18.983375
              ],
              [
                -169.890559,
                -18.988552
              ],
              [
                -169.883577,
                -18.990635
              ],
              [
                -169.866783,
                -18.997687
              ],
              [
                -169.855619,
                -19.017652
              ],
              [
                -169.857506,
                -19.026638
              ],
              [
                -169.86433,
                -19.029792
              ],
              [
                -169.883042,
                -19.021996
              ],
              [
                -169.897572,
                -19.003072
              ],
              [
                -169.908422,
                -18.997211
              ],
              [
                -169.909586,
                -18.996437
              ]
            ]
          ]
        ]
      }
    },
    {
      "type": "Feature",
      "properties": {
        "name": "Vaiea",
        "census_night_population_2022": 81,
        "source_geometry": "https://upload.wikimedia.org/wikipedia/commons/a/a4/Niue_location_map.svg",
        "source_population": "https://niuestatistics.nu/census/population-housing/",
        "processing": "Village boundaries converted from a CC BY-SA location-map SVG to WGS84 using the map's published geographic limits."
      },
      "geometry": {
        "type": "MultiPolygon",
        "coordinates": [
          [
            [
              [
                -169.897886,
                -19.137561
              ],
              [
                -169.891156,
                -19.127921
              ],
              [
                -169.890779,
                -19.127266
              ],
              [
                -169.886785,
                -19.125422
              ],
              [
                -169.883451,
                -19.125422
              ],
              [
                -169.883514,
                -19.122149
              ],
              [
                -169.881784,
                -19.122149
              ],
              [
                -169.881816,
                -19.120512
              ],
              [
                -169.880086,
                -19.120512
              ],
              [
                -169.879551,
                -19.116614
              ],
              [
                -169.878136,
                -19.116585
              ],
              [
                -169.878388,
                -19.120512
              ],
              [
                -169.876658,
                -19.120512
              ],
              [
                -169.876627,
                -19.122149
              ],
              [
                -169.878356,
                -19.122149
              ],
              [
                -169.878293,
                -19.123785
              ],
              [
                -169.876595,
                -19.123785
              ],
              [
                -169.875557,
                -19.144197
              ],
              [
                -169.87669,
                -19.153182
              ],
              [
                -169.877885,
                -19.15351
              ],
              [
                -169.879363,
                -19.15345
              ],
              [
                -169.880149,
                -19.153093
              ],
              [
                -169.880809,
                -19.152766
              ],
              [
                -169.881124,
                -19.152052
              ],
              [
                -169.882162,
                -19.151159
              ],
              [
                -169.882665,
                -19.150862
              ],
              [
                -169.883294,
                -19.150177
              ],
              [
                -169.88386,
                -19.14982
              ],
              [
                -169.884583,
                -19.149106
              ],
              [
                -169.885716,
                -19.147856
              ],
              [
                -169.886785,
                -19.146726
              ],
              [
                -169.88754,
                -19.146071
              ],
              [
                -169.888892,
                -19.144435
              ],
              [
                -169.889961,
                -19.143512
              ],
              [
                -169.891376,
                -19.142739
              ],
              [
                -169.891691,
                -19.142352
              ],
              [
                -169.892288,
                -19.141668
              ],
              [
                -169.893075,
                -19.140953
              ],
              [
                -169.893861,
                -19.140448
              ],
              [
                -169.895653,
                -19.139257
              ],
              [
                -169.896943,
                -19.138633
              ],
              [
                -169.897886,
                -19.137561
              ]
            ]
          ]
        ]
      }
    }
  ]
}
